<?xml version="1.0" encoding="UTF-8" standalone="no" ?><w:document xmlns:w="http://schemas.openxmlformats.org/wordprocessingml/2006/main"><w:body><w:p><w:pPr><w:pStyle w:val="code"/></w:pPr><w:r><w:t><![CDATA[classdef V4_Miniproyecto < matlab.apps.AppBase

    % Properties that correspond to app components
    properties (Access = public)
        UIFigure                    matlab.ui.Figure
        UIAxes                      matlab.ui.control.UIAxes
        GraficarentiemporealButton  matlab.ui.control.Button
        Label                       matlab.ui.control.Label
        GuardarButton               matlab.ui.control.Button
        AbrirtxtButton              matlab.ui.control.Button
        UITable                     matlab.ui.control.Table
        nguloactualLabel            matlab.ui.control.Label
    end

    
    properties (Access = private)
        y2 % Description
        pause
    end
    

    % Callbacks that handle component events
    methods (Access = private)

        % Button pushed function: GraficarentiemporealButton
        function GraficarentiemporealButtonPushed(app, event)
close all;
clear all;
priorPorts=instrfind;
delete(priorPorts);
s = serial('COM4', 'Baudrate',115200)
fopen(s);
i = 1
while(1)
    data(i) = str2double(fscanf(s));
    plot(data);
    pause(0.01)
    i = i+1;
end
fclose(s)  
    
        end

        % Button pushed function: GuardarButton
        function GuardarButtonPushed(app, event)
            valores = app.y2;
            T = table(valores, 'VariableNames', { 'Angulos'} );
            writetable(T,'Mis_angulos.txt')
        end

        % Callback function
        function AbrirtxtButtonPushed(app, event)
            
        end

        % Button pushed function: AbrirtxtButton
        function AbrirtxtButtonPushed2(app, event)
            t = readtable("Mis_angulos.txt");
            app.UITable.Data = t;
            app.UITable.ColumnName = t.Properties.VariableNames;
            
        end

        % Callback function
        function PauseButtonValueChanged(app, event)
            value = app.PauseButton.Value;
            app.pause = value;
            
        end
    end

    % Component initialization
    methods (Access = private)

        % Create UIFigure and components
        function createComponents(app)

            % Create UIFigure and hide until all components are created
            app.UIFigure = uifigure('Visible', 'off');
            app.UIFigure.Position = [100 100 640 480];
            app.UIFigure.Name = 'UI Figure';

            % Create UIAxes
            app.UIAxes = uiaxes(app.UIFigure);
            title(app.UIAxes, 'Title')
            xlabel(app.UIAxes, 'X')
            ylabel(app.UIAxes, 'Y')
            app.UIAxes.Position = [27 75 418 270];

            % Create GraficarentiemporealButton
            app.GraficarentiemporealButton = uibutton(app.UIFigure, 'push');
            app.GraficarentiemporealButton.ButtonPushedFcn = createCallbackFcn(app, @GraficarentiemporealButtonPushed, true);
            app.GraficarentiemporealButton.Position = [58 396 138 22];
            app.GraficarentiemporealButton.Text = 'Graficar en tiempo real';

            % Create Label
            app.Label = uilabel(app.UIFigure);
            app.Label.FontSize = 15;
            app.Label.Position = [283 358 42 22];

            % Create GuardarButton
            app.GuardarButton = uibutton(app.UIFigure, 'push');
            app.GuardarButton.ButtonPushedFcn = createCallbackFcn(app, @GuardarButtonPushed, true);
            app.GuardarButton.Position = [493 445 100 22];
            app.GuardarButton.Text = 'Guardar';

            % Create AbrirtxtButton
            app.AbrirtxtButton = uibutton(app.UIFigure, 'push');
            app.AbrirtxtButton.ButtonPushedFcn = createCallbackFcn(app, @AbrirtxtButtonPushed2, true);
            app.AbrirtxtButton.Position = [493 396 100 22];
            app.AbrirtxtButton.Text = 'Abrir .txt';

            % Create UITable
            app.UITable = uitable(app.UIFigure);
            app.UITable.ColumnName = {'Column 1'};
            app.UITable.ColumnWidth = {50};
            app.UITable.RowName = {};
            app.UITable.Position = [506 136 87 244];

            % Create nguloactualLabel
            app.nguloactualLabel = uilabel(app.UIFigure);
            app.nguloactualLabel.Position = [265 396 78 22];
            app.nguloactualLabel.Text = 'Ángulo actual';

            % Show the figure after all components are created
            app.UIFigure.Visible = 'on';
        end
    end

    % App creation and deletion
    methods (Access = public)

        % Construct app
        function app = V4_Miniproyecto

            % Create UIFigure and components
            createComponents(app)

            % Register the app with App Designer
            registerApp(app, app.UIFigure)

            if nargout == 0
                clear app
            end
        end

        % Code that executes before app deletion
        function delete(app)

            % Delete UIFigure when app is deleted
            delete(app.UIFigure)
        end
    end
end]]></w:t></w:r></w:p></w:body></w:document>