Record Length,2000,Points,-8.000000380E-3,25.00000037E-3,
Sample Interval,7.999999980E-6,s,-7.992000319E-3,50.00000075E-3,
Trigger Point,1.0000001E3,Samples,-7.984000258E-3,100.0000015E-3,
,,,-7.976000197E-3,150.00000596E-3,
,,,-7.968000136E-3,225.00000894E-3,
,,,-7.960000075E-3,275.00000596E-3,
Source,CH1,,-7.952000014E-3,300.00001192E-3,
Vertical Units,V,,-7.943999954E-3,375.00000000E-3,
Vertical Scale,625.000009313E-3,,-7.936000824E-3,400.00000596E-3,
Vertical Offset,0,,-7.928000763E-3,450.000017881E-3,
Horizontal Units,s,,-7.920000702E-3,500.000000000E-3,
Horizontal Scale,1.6000000E-3,,-7.912000641E-3,550.000011921E-3,
Pt Fmt,Y,,-7.904000580E-3,574.999988079E-3,
Yzero,0.0,,-7.896000519E-3,625.000000000E-3,
,,,-7.888000458E-3,650.000035763E-3,
,,,-7.880000398E-3,725.000023842E-3,
Note,TBS2102 - 7:24:20 PM   3/11/2022,,-7.872000337E-3,750.000000000E-3,
,,,-7.864000276E-3,750.000000000E-3,
,,,-7.856000215E-3,800.000011921E-3,
,,,-7.848000154E-3,850.000023842E-3,
,,,-7.840000093E-3,875.000000000E-3,
,,,-7.832000032E-3,900.000035763E-3,
,,,-7.823999971E-3,900.000035763E-3,
,,,-7.816000842E-3,925.000011921E-3,
,,,-7.808000315E-3,949.999988079E-3,
,,,-7.800000254E-3,949.999988079E-3,
,,,-7.792000193E-3,1.000000,
,,,-7.784000598E-3,975.000023842E-3,
,,,-7.776000537E-3,1.000000,
,,,-7.768000476E-3,1.0250000,
,,,-7.760000415E-3,1.0250000,
,,,-7.752000354E-3,1.0250000,
,,,-7.744000293E-3,1.0250000,
,,,-7.736000232E-3,1.000000,
,,,-7.728000171E-3,1.000000,
,,,-7.720000576E-3,1.000000,
,,,-7.712000515E-3,1.000000,
,,,-7.704000454E-3,975.000023842E-3,
,,,-7.696000393E-3,975.000023842E-3,
,,,-7.688000333E-3,949.999988079E-3,
,,,-7.680000272E-3,925.000011921E-3,
,,,-7.672000211E-3,900.000035763E-3,
,,,-7.664000150E-3,875.000000000E-3,
,,,-7.656000555E-3,824.999988079E-3,
,,,-7.648000494E-3,824.999988079E-3,
,,,-7.640000433E-3,800.000011921E-3,
,,,-7.632000372E-3,775.000035763E-3,
,,,-7.624000311E-3,699.999988079E-3,
,,,-7.616000250E-3,675.000011921E-3,
,,,-7.608000189E-3,625.000000000E-3,
,,,-7.600000594E-3,625.000000000E-3,
,,,-7.592000533E-3,550.000011921E-3,
,,,-7.584000472E-3,525.000035763E-3,
,,,-7.576000411E-3,474.999994040E-3,
,,,-7.568000350E-3,425.000011921E-3,
,,,-7.560000289E-3,375.00000000E-3,
,,,-7.552000228E-3,349.99999404E-3,
,,,-7.544000167E-3,275.00000596E-3,
,,,-7.536000572E-3,225.00000894E-3,
,,,-7.528000511E-3,200.00000298E-3,
,,,-7.520000450E-3,150.00000596E-3,
,,,-7.512000389E-3,75.000002980E-3,
,,,-7.504000328E-3,50.00000075E-3,
,,,-7.496000268E-3,-25.00000037E-3,
,,,-7.488000207E-3,-75.000002980E-3,
,,,-7.480000611E-3,-125.0000000E-3,
,,,-7.472000550E-3,-174.99999702E-3,
,,,-7.464000490E-3,-200.00000298E-3,
,,,-7.456000429E-3,-275.00000596E-3,
,,,-7.448000368E-3,-325.00001788E-3,
,,,-7.440000307E-3,-375.00000000E-3,
,,,-7.432000246E-3,-400.00000596E-3,
,,,-7.424000185E-3,-425.000011921E-3,
,,,-7.416000590E-3,-500.000000000E-3,
,,,-7.408000529E-3,-550.000011921E-3,
,,,-7.400000468E-3,-600.000023842E-3,
,,,-7.392000407E-3,-600.000023842E-3,
,,,-7.38400035E-3,-650.000035763E-3,
,,,-7.37600029E-3,-699.999988079E-3,
,,,-7.36800022E-3,-725.000023842E-3,
,,,-7.36000016E-3,-750.000000000E-3,
,,,-7.35200057E-3,-800.000011921E-3,
,,,-7.34400051E-3,-824.999988079E-3,
,,,-7.33600045E-3,-850.000023842E-3,
,,,-7.32800039E-3,-875.000000000E-3,
,,,-7.32000032E-3,-900.000035763E-3,
,,,-7.31200026E-3,-925.000011921E-3,
,,,-7.30400020E-3,-949.999988079E-3,
,,,-7.29600061E-3,-949.999988079E-3,
,,,-7.28800055E-3,-949.999988079E-3,
,,,-7.28000049E-3,-975.000023842E-3,
,,,-7.27200042E-3,-1.000000,
,,,-7.26400036E-3,-1.000000,
,,,-7.25600030E-3,-1.000000,
,,,-7.24800024E-3,-1.000000,
,,,-7.24000018E-3,-975.000023842E-3,
,,,-7.23200059E-3,-975.000023842E-3,
,,,-7.22400052E-3,-975.000023842E-3,
,,,-7.21600046E-3,-975.000023842E-3,
,,,-7.20800040E-3,-975.000023842E-3,
,,,-7.20000034E-3,-949.999988079E-3,
,,,-7.19200028E-3,-925.000011921E-3,
,,,-7.18400022E-3,-925.000011921E-3,
,,,-7.17600016E-3,-900.000035763E-3,
,,,-7.16800056E-3,-850.000023842E-3,
,,,-7.16000050E-3,-850.000023842E-3,
,,,-7.15200044E-3,-800.000011921E-3,
,,,-7.14400038E-3,-775.000035763E-3,
,,,-7.13600032E-3,-725.000023842E-3,
,,,-7.12800026E-3,-699.999988079E-3,
,,,-7.12000020E-3,-675.000011921E-3,
,,,-7.11200060E-3,-625.000000000E-3,
,,,-7.10400054E-3,-600.000023842E-3,
,,,-7.09600048E-3,-574.999988079E-3,
,,,-7.08800042E-3,-525.000035763E-3,
,,,-7.08000036E-3,-474.999994040E-3,
,,,-7.07200030E-3,-450.000017881E-3,
,,,-7.06400024E-3,-375.00000000E-3,
,,,-7.05600018E-3,-325.00001788E-3,
,,,-7.04800058E-3,-275.00000596E-3,
,,,-7.04000052E-3,-250.00000000E-3,
,,,-7.03200046E-3,-200.00000298E-3,
,,,-7.02400040E-3,-150.00000596E-3,
,,,-7.01600034E-3,-75.000002980E-3,
,,,-7.00800028E-3,-25.00000037E-3,
,,,-7.00000022E-3,25.00000037E-3,
,,,-6.99200016E-3,75.000002980E-3,
,,,-6.98400056E-3,100.0000015E-3,
,,,-6.97600050E-3,174.99999702E-3,
,,,-6.96800044E-3,200.00000298E-3,
,,,-6.96000038E-3,275.00000596E-3,
,,,-6.95200032E-3,300.00001192E-3,
,,,-6.94400026E-3,349.99999404E-3,
,,,-6.93600019E-3,425.000011921E-3,
,,,-6.92800060E-3,425.000011921E-3,
,,,-6.92000054E-3,500.000000000E-3,
,,,-6.91200048E-3,574.999988079E-3,
,,,-6.90400042E-3,574.999988079E-3,
,,,-6.89600036E-3,650.000035763E-3,
,,,-6.88800029E-3,675.000011921E-3,
,,,-6.88000023E-3,725.000023842E-3,
,,,-6.87200017E-3,750.000000000E-3,
,,,-6.86400058E-3,775.000035763E-3,
,,,-6.85600052E-3,800.000011921E-3,
,,,-6.84800046E-3,824.999988079E-3,
,,,-6.84000039E-3,875.000000000E-3,
,,,-6.83200033E-3,900.000035763E-3,
,,,-6.82400027E-3,925.000011921E-3,
,,,-6.81600021E-3,949.999988079E-3,
,,,-6.80800015E-3,975.000023842E-3,
,,,-6.80000056E-3,975.000023842E-3,
,,,-6.79200049E-3,1.000000,
,,,-6.78400043E-3,1.000000,
,,,-6.77600037E-3,1.0250000,
,,,-6.76800031E-3,1.0250000,
,,,-6.76000025E-3,1.0250000,
,,,-6.75200019E-3,1.0500001,
,,,-6.74400060E-3,1.000000,
,,,-6.73600053E-3,1.000000,
,,,-6.72800047E-3,1.0250000,
,,,-6.72000041E-3,1.000000,
,,,-6.71200035E-3,1.000000,
,,,-6.70400029E-3,975.000023842E-3,
,,,-6.69600023E-3,949.999988079E-3,
,,,-6.68800017E-3,949.999988079E-3,
,,,-6.68000057E-3,949.999988079E-3,
,,,-6.67200051E-3,875.000000000E-3,
,,,-6.66400045E-3,875.000000000E-3,
,,,-6.65600039E-3,850.000023842E-3,
,,,-6.64800033E-3,800.000011921E-3,
,,,-6.64000027E-3,800.000011921E-3,
,,,-6.63200021E-3,750.000000000E-3,
,,,-6.62400061E-3,699.999988079E-3,
,,,-6.61600055E-3,699.999988079E-3,
,,,-6.60800049E-3,650.000035763E-3,
,,,-6.60000043E-3,600.000023842E-3,
,,,-6.59200037E-3,550.000011921E-3,
,,,-6.58400031E-3,550.000011921E-3,
,,,-6.57600025E-3,474.999994040E-3,
,,,-6.56800019E-3,425.000011921E-3,
,,,-6.56000059E-3,400.00000596E-3,
,,,-6.55200053E-3,325.00001788E-3,
,,,-6.54400047E-3,300.00001192E-3,
,,,-6.53600041E-3,225.00000894E-3,
,,,-6.52800035E-3,200.00000298E-3,
,,,-6.52000029E-3,125.0000000E-3,
,,,-6.51200023E-3,100.0000015E-3,
,,,-6.50400016E-3,25.00000037E-3,
,,,-6.49600057E-3,-25.00000037E-3,
,,,-6.48800051E-3,-75.000002980E-3,
,,,-6.48000045E-3,-125.0000000E-3,
,,,-6.47200039E-3,-174.99999702E-3,
,,,-6.46400033E-3,-225.00000894E-3,
,,,-6.45600026E-3,-275.00000596E-3,
,,,-6.44800020E-3,-300.00001192E-3,
,,,-6.44000061E-3,-375.00000000E-3,
,,,-6.43200055E-3,-400.00000596E-3,
,,,-6.42400049E-3,-450.000017881E-3,
,,,-6.41600043E-3,-500.000000000E-3,
,,,-6.40800036E-3,-525.000035763E-3,
,,,-6.40000030E-3,-600.000023842E-3,
,,,-6.39200024E-3,-625.000000000E-3,
,,,-6.38400018E-3,-650.000035763E-3,
,,,-6.37600059E-3,-699.999988079E-3,
,,,-6.36800053E-3,-725.000023842E-3,
,,,-6.36000047E-3,-775.000035763E-3,
,,,-6.35200040E-3,-800.000011921E-3,
,,,-6.34400034E-3,-824.999988079E-3,
,,,-6.33600028E-3,-850.000023842E-3,
,,,-6.32800022E-3,-875.000000000E-3,
,,,-6.32000016E-3,-875.000000000E-3,
,,,-6.31200057E-3,-925.000011921E-3,
,,,-6.30400050E-3,-925.000011921E-3,
,,,-6.29600044E-3,-949.999988079E-3,
,,,-6.28800038E-3,-975.000023842E-3,
,,,-6.28000032E-3,-1.000000,
,,,-6.27200026E-3,-975.000023842E-3,
,,,-6.26400020E-3,-1.000000,
,,,-6.25600060E-3,-1.000000,
,,,-6.24800054E-3,-1.000000,
,,,-6.24000048E-3,-975.000023842E-3,
,,,-6.23200042E-3,-1.000000,
,,,-6.22400036E-3,-975.000023842E-3,
,,,-6.21600030E-3,-975.000023842E-3,
,,,-6.20800024E-3,-975.000023842E-3,
,,,-6.20000018E-3,-949.999988079E-3,
,,,-6.19200058E-3,-949.999988079E-3,
,,,-6.18400052E-3,-900.000035763E-3,
,,,-6.17600046E-3,-875.000000000E-3,
,,,-6.16800040E-3,-875.000000000E-3,
,,,-6.16000034E-3,-824.999988079E-3,
,,,-6.15200028E-3,-800.000011921E-3,
,,,-6.14400022E-3,-775.000035763E-3,
,,,-6.13600016E-3,-750.000000000E-3,
,,,-6.12800056E-3,-699.999988079E-3,
,,,-6.12000050E-3,-675.000011921E-3,
,,,-6.11200044E-3,-625.000000000E-3,
,,,-6.10400038E-3,-600.000023842E-3,
,,,-6.09600032E-3,-550.000011921E-3,
,,,-6.08800026E-3,-500.000000000E-3,
,,,-6.08000020E-3,-474.999994040E-3,
,,,-6.07200060E-3,-425.000011921E-3,
,,,-6.06400054E-3,-375.00000000E-3,
,,,-6.05600048E-3,-325.00001788E-3,
,,,-6.04800042E-3,-275.00000596E-3,
,,,-6.04000036E-3,-250.00000000E-3,
,,,-6.03200030E-3,-174.99999702E-3,
,,,-6.02400023E-3,-125.0000000E-3,
,,,-6.01600017E-3,-100.0000015E-3,
,,,-6.00800058E-3,-50.00000075E-3,
,,,-6.00000052E-3,25.00000037E-3,
,,,-5.99200046E-3,50.00000075E-3,
,,,-5.98400040E-3,125.0000000E-3,
,,,-5.97600034E-3,174.99999702E-3,
,,,-5.96800027E-3,200.00000298E-3,
,,,-5.96000021E-3,275.00000596E-3,
,,,-5.95200062E-3,300.00001192E-3,
,,,-5.94400056E-3,375.00000000E-3,
,,,-5.93600050E-3,425.000011921E-3,
,,,-5.92800044E-3,450.000017881E-3,
,,,-5.92000037E-3,500.000000000E-3,
,,,-5.91200031E-3,550.000011921E-3,
,,,-5.90400025E-3,574.999988079E-3,
,,,-5.89600019E-3,625.000000000E-3,
,,,-5.88800060E-3,675.000011921E-3,
,,,-5.88000054E-3,699.999988079E-3,
,,,-5.87200047E-3,750.000000000E-3,
,,,-5.86400041E-3,775.000035763E-3,
,,,-5.85600035E-3,824.999988079E-3,
,,,-5.84800029E-3,850.000023842E-3,
,,,-5.84000023E-3,850.000023842E-3,
,,,-5.83200017E-3,900.000035763E-3,
,,,-5.82400057E-3,925.000011921E-3,
,,,-5.81600051E-3,949.999988079E-3,
,,,-5.80800045E-3,949.999988079E-3,
,,,-5.80000039E-3,975.000023842E-3,
,,,-5.79200033E-3,975.000023842E-3,
,,,-5.78400027E-3,1.000000,
,,,-5.77600021E-3,1.0250000,
,,,-5.76800061E-3,1.000000,
,,,-5.76000055E-3,1.0250000,
,,,-5.75200049E-3,1.0250000,
,,,-5.74400043E-3,1.000000,
,,,-5.73600037E-3,1.0250000,
,,,-5.72800031E-3,1.000000,
,,,-5.72000025E-3,1.000000,
,,,-5.71200019E-3,975.000023842E-3,
,,,-5.70400059E-3,975.000023842E-3,
,,,-5.69600053E-3,949.999988079E-3,
,,,-5.68800047E-3,949.999988079E-3,
,,,-5.68000041E-3,900.000035763E-3,
,,,-5.67200035E-3,900.000035763E-3,
,,,-5.66400029E-3,850.000023842E-3,
,,,-5.65600023E-3,824.999988079E-3,
,,,-5.64800017E-3,824.999988079E-3,
,,,-5.64000057E-3,800.000011921E-3,
,,,-5.63200051E-3,725.000023842E-3,
,,,-5.62400045E-3,725.000023842E-3,
,,,-5.61600039E-3,675.000011921E-3,
,,,-5.60800033E-3,650.000035763E-3,
,,,-5.60000027E-3,600.000023842E-3,
,,,-5.59200021E-3,574.999988079E-3,
,,,-5.58400061E-3,525.000035763E-3,
,,,-5.57600055E-3,500.000000000E-3,
,,,-5.56800049E-3,425.000011921E-3,
,,,-5.56000043E-3,375.00000000E-3,
,,,-5.55200037E-3,349.99999404E-3,
,,,-5.54400031E-3,275.00000596E-3,
,,,-5.53600024E-3,250.00000000E-3,
,,,-5.52800018E-3,200.00000298E-3,
,,,-5.52000059E-3,150.00000596E-3,
,,,-5.51200053E-3,75.000002980E-3,
,,,-5.50400047E-3,25.00000037E-3,
,,,-5.49600041E-3,-25.00000037E-3,
,,,-5.48800034E-3,-75.000002980E-3,
,,,-5.48000028E-3,-125.0000000E-3,
,,,-5.47200022E-3,-150.00000596E-3,
,,,-5.46400016E-3,-225.00000894E-3,
,,,-5.45600057E-3,-250.00000000E-3,
,,,-5.44800051E-3,-325.00001788E-3,
,,,-5.44000044E-3,-349.99999404E-3,
,,,-5.43200038E-3,-400.00000596E-3,
,,,-5.42400032E-3,-450.000017881E-3,
,,,-5.41600026E-3,-525.000035763E-3,
,,,-5.40800020E-3,-550.000011921E-3,
,,,-5.40000061E-3,-574.999988079E-3,
,,,-5.39200054E-3,-625.000000000E-3,
,,,-5.38400048E-3,-675.000011921E-3,
,,,-5.37600042E-3,-699.999988079E-3,
,,,-5.36800036E-3,-725.000023842E-3,
,,,-5.36000030E-3,-775.000035763E-3,
,,,-5.35200024E-3,-775.000035763E-3,
,,,-5.34400018E-3,-824.999988079E-3,
,,,-5.33600058E-3,-850.000023842E-3,
,,,-5.32800052E-3,-875.000000000E-3,
,,,-5.32000046E-3,-900.000035763E-3,
,,,-5.31200040E-3,-925.000011921E-3,
,,,-5.30400034E-3,-949.999988079E-3,
,,,-5.29600028E-3,-949.999988079E-3,
,,,-5.28800022E-3,-975.000023842E-3,
,,,-5.28000016E-3,-975.000023842E-3,
,,,-5.27200056E-3,-975.000023842E-3,
,,,-5.26400050E-3,-975.000023842E-3,
,,,-5.25600044E-3,-1.000000,
,,,-5.24800038E-3,-975.000023842E-3,
,,,-5.24000032E-3,-1.000000,
,,,-5.23200026E-3,-975.000023842E-3,
,,,-5.22400020E-3,-975.000023842E-3,
,,,-5.21600060E-3,-975.000023842E-3,
,,,-5.20800054E-3,-975.000023842E-3,
,,,-5.20000048E-3,-949.999988079E-3,
,,,-5.19200042E-3,-925.000011921E-3,
,,,-5.18400036E-3,-900.000035763E-3,
,,,-5.17600030E-3,-875.000000000E-3,
,,,-5.16800024E-3,-824.999988079E-3,
,,,-5.16000018E-3,-800.000011921E-3,
,,,-5.15200058E-3,-824.999988079E-3,
,,,-5.14400052E-3,-775.000035763E-3,
,,,-5.13600046E-3,-750.000000000E-3,
,,,-5.12800040E-3,-725.000023842E-3,
,,,-5.12000034E-3,-675.000011921E-3,
,,,-5.11200028E-3,-650.000035763E-3,
,,,-5.10400021E-3,-574.999988079E-3,
,,,-5.09600062E-3,-550.000011921E-3,
,,,-5.08800056E-3,-525.000035763E-3,
,,,-5.08000050E-3,-474.999994040E-3,
,,,-5.07200044E-3,-425.000011921E-3,
,,,-5.06400038E-3,-375.00000000E-3,
,,,-5.05600031E-3,-349.99999404E-3,
,,,-5.04800025E-3,-275.00000596E-3,
,,,-5.04000019E-3,-250.00000000E-3,
,,,-5.03200060E-3,-174.99999702E-3,
,,,-5.02400054E-3,-125.0000000E-3,
,,,-5.01600048E-3,-100.0000015E-3,
,,,-5.00800041E-3,-25.00000037E-3,
,,,-5.00000035E-3,25.00000037E-3,
,,,-4.99200029E-3,75.000002980E-3,
,,,-4.98400023E-3,125.0000000E-3,
,,,-4.97600017E-3,150.00000596E-3,
,,,-4.96800058E-3,225.00000894E-3,
,,,-4.96000051E-3,250.00000000E-3,
,,,-4.95200045E-3,325.00001788E-3,
,,,-4.94400039E-3,349.99999404E-3,
,,,-4.93600033E-3,425.000011921E-3,
,,,-4.92800027E-3,450.000017881E-3,
,,,-4.92000021E-3,500.000000000E-3,
,,,-4.91200062E-3,550.000011921E-3,
,,,-4.90400055E-3,574.999988079E-3,
,,,-4.89600049E-3,625.000000000E-3,
,,,-4.88800043E-3,650.000035763E-3,
,,,-4.88000037E-3,699.999988079E-3,
,,,-4.87200031E-3,725.000023842E-3,
,,,-4.86400025E-3,775.000035763E-3,
,,,-4.85600019E-3,824.999988079E-3,
,,,-4.84800059E-3,824.999988079E-3,
,,,-4.84000053E-3,875.000000000E-3,
,,,-4.83200047E-3,900.000035763E-3,
,,,-4.82400041E-3,925.000011921E-3,
,,,-4.81600035E-3,949.999988079E-3,
,,,-4.80800029E-3,949.999988079E-3,
,,,-4.80000023E-3,975.000023842E-3,
,,,-4.79200017E-3,975.000023842E-3,
,,,-4.78400057E-3,1.000000,
,,,-4.77600051E-3,1.0250000,
,,,-4.76800045E-3,1.0250000,
,,,-4.76000039E-3,1.0250000,
,,,-4.75200033E-3,1.000000,
,,,-4.74400027E-3,1.0250000,
,,,-4.73600021E-3,1.000000,
,,,-4.72800061E-3,1.000000,
,,,-4.72000055E-3,1.0250000,
,,,-4.71200049E-3,975.000023842E-3,
,,,-4.70400043E-3,975.000023842E-3,
,,,-4.69600037E-3,975.000023842E-3,
,,,-4.68800031E-3,949.999988079E-3,
,,,-4.68000025E-3,925.000011921E-3,
,,,-4.67200018E-3,925.000011921E-3,
,,,-4.66400059E-3,875.000000000E-3,
,,,-4.65600053E-3,824.999988079E-3,
,,,-4.64800047E-3,800.000011921E-3,
,,,-4.64000041E-3,775.000035763E-3,
,,,-4.63200035E-3,750.000000000E-3,
,,,-4.62400028E-3,725.000023842E-3,
,,,-4.61600022E-3,699.999988079E-3,
,,,-4.60800016E-3,650.000035763E-3,
,,,-4.60000057E-3,625.000000000E-3,
,,,-4.59200051E-3,550.000011921E-3,
,,,-4.58400045E-3,500.000000000E-3,
,,,-4.57600038E-3,474.999994040E-3,
,,,-4.56800032E-3,425.000011921E-3,
,,,-4.56000026E-3,400.00000596E-3,
,,,-4.55200020E-3,349.99999404E-3,
,,,-4.54400061E-3,275.00000596E-3,
,,,-4.53600055E-3,250.00000000E-3,
,,,-4.52800049E-3,200.00000298E-3,
,,,-4.52000042E-3,150.00000596E-3,
,,,-4.51200036E-3,75.000002980E-3,
,,,-4.50400030E-3,50.00000075E-3,
,,,-4.49600024E-3,0.0,
,,,-4.48800018E-3,-50.00000075E-3,
,,,-4.48000059E-3,-100.0000015E-3,
,,,-4.47200052E-3,-174.99999702E-3,
,,,-4.46400046E-3,-225.00000894E-3,
,,,-4.45600040E-3,-250.00000000E-3,
,,,-4.44800034E-3,-325.00001788E-3,
,,,-4.44000028E-3,-349.99999404E-3,
,,,-4.43200022E-3,-375.00000000E-3,
,,,-4.42400016E-3,-450.000017881E-3,
,,,-4.41600056E-3,-500.000000000E-3,
,,,-4.40800050E-3,-550.000011921E-3,
,,,-4.40000044E-3,-600.000023842E-3,
,,,-4.39200038E-3,-625.000000000E-3,
,,,-4.38400032E-3,-650.000035763E-3,
,,,-4.37600026E-3,-699.999988079E-3,
,,,-4.36800020E-3,-725.000023842E-3,
,,,-4.36000060E-3,-750.000000000E-3,
,,,-4.35200054E-3,-800.000011921E-3,
,,,-4.34400048E-3,-824.999988079E-3,
,,,-4.33600042E-3,-850.000023842E-3,
,,,-4.32800036E-3,-875.000000000E-3,
,,,-4.32000030E-3,-900.000035763E-3,
,,,-4.31200024E-3,-925.000011921E-3,
,,,-4.30400018E-3,-949.999988079E-3,
,,,-4.29600058E-3,-949.999988079E-3,
,,,-4.28800052E-3,-975.000023842E-3,
,,,-4.28000046E-3,-975.000023842E-3,
,,,-4.27200040E-3,-1.000000,
,,,-4.26400034E-3,-1.000000,
,,,-4.25600028E-3,-975.000023842E-3,
,,,-4.24800022E-3,-1.000000,
,,,-4.24000062E-3,-1.000000,
,,,-4.23200056E-3,-975.000023842E-3,
,,,-4.22400050E-3,-975.000023842E-3,
,,,-4.21600044E-3,-975.000023842E-3,
,,,-4.20800038E-3,-949.999988079E-3,
,,,-4.20000032E-3,-949.999988079E-3,
,,,-4.19200025E-3,-925.000011921E-3,
,,,-4.18400019E-3,-925.000011921E-3,
,,,-4.17600060E-3,-900.000035763E-3,
,,,-4.16800054E-3,-850.000023842E-3,
,,,-4.16000048E-3,-824.999988079E-3,
,,,-4.15200042E-3,-800.000011921E-3,
,,,-4.14400036E-3,-775.000035763E-3,
,,,-4.13600029E-3,-750.000000000E-3,
,,,-4.12800023E-3,-699.999988079E-3,
,,,-4.12000017E-3,-675.000011921E-3,
,,,-4.11200058E-3,-625.000000000E-3,
,,,-4.10400052E-3,-600.000023842E-3,
,,,-4.09600046E-3,-550.000011921E-3,
,,,-4.08800039E-3,-525.000035763E-3,
,,,-4.08000033E-3,-450.000017881E-3,
,,,-4.07200027E-3,-425.000011921E-3,
,,,-4.06400021E-3,-375.00000000E-3,
,,,-4.05600062E-3,-300.00001192E-3,
,,,-4.04800056E-3,-300.00001192E-3,
,,,-4.04000049E-3,-250.00000000E-3,
,,,-4.03200043E-3,-174.99999702E-3,
,,,-4.02400037E-3,-125.0000000E-3,
,,,-4.01600031E-3,-75.000002980E-3,
,,,-4.00800025E-3,-50.00000075E-3,
,,,-4.00000019E-3,0.0,
,,,-3.99200059E-3,50.00000075E-3,
,,,-3.98400053E-3,125.0000000E-3,
,,,-3.97600047E-3,174.99999702E-3,
,,,-3.96800041E-3,225.00000894E-3,
,,,-3.96000035E-3,275.00000596E-3,
,,,-3.95200029E-3,325.00001788E-3,
,,,-3.94400023E-3,375.00000000E-3,
,,,-3.93600017E-3,400.00000596E-3,
,,,-3.92800057E-3,474.999994040E-3,
,,,-3.92000051E-3,500.000000000E-3,
,,,-3.91200045E-3,550.000011921E-3,
,,,-3.90400039E-3,600.000023842E-3,
,,,-3.89600033E-3,625.000000000E-3,
,,,-3.88800050E-3,675.000011921E-3,
,,,-3.88000044E-3,699.999988079E-3,
,,,-3.87200038E-3,725.000023842E-3,
,,,-3.86400032E-3,775.000035763E-3,
,,,-3.85600049E-3,800.000011921E-3,
,,,-3.84800043E-3,850.000023842E-3,
,,,-3.84000037E-3,875.000000000E-3,
,,,-3.83200031E-3,875.000000000E-3,
,,,-3.82400048E-3,925.000011921E-3,
,,,-3.81600042E-3,925.000011921E-3,
,,,-3.80800036E-3,975.000023842E-3,
,,,-3.80000030E-3,949.999988079E-3,
,,,-3.79200047E-3,975.000023842E-3,
,,,-3.78400041E-3,1.000000,
,,,-3.77600035E-3,1.000000,
,,,-3.76800029E-3,1.0250000,
,,,-3.76000046E-3,1.0250000,
,,,-3.75200040E-3,1.0250000,
,,,-3.74400034E-3,1.000000,
,,,-3.73600028E-3,1.0250000,
,,,-3.72800045E-3,1.000000,
,,,-3.72000039E-3,1.000000,
,,,-3.71200033E-3,975.000023842E-3,
,,,-3.70400050E-3,975.000023842E-3,
,,,-3.69600044E-3,949.999988079E-3,
,,,-3.68800038E-3,975.000023842E-3,
,,,-3.68000031E-3,925.000011921E-3,
,,,-3.67200049E-3,900.000035763E-3,
,,,-3.66400043E-3,875.000000000E-3,
,,,-3.65600036E-3,850.000023842E-3,
,,,-3.64800030E-3,824.999988079E-3,
,,,-3.64000048E-3,775.000035763E-3,
,,,-3.63200041E-3,775.000035763E-3,
,,,-3.62400035E-3,699.999988079E-3,
,,,-3.61600029E-3,675.000011921E-3,
,,,-3.60800046E-3,650.000035763E-3,
,,,-3.60000040E-3,600.000023842E-3,
,,,-3.59200034E-3,550.000011921E-3,
,,,-3.58400028E-3,525.000035763E-3,
,,,-3.57600045E-3,474.999994040E-3,
,,,-3.56800039E-3,425.000011921E-3,
,,,-3.56000033E-3,400.00000596E-3,
,,,-3.55200050E-3,349.99999404E-3,
,,,-3.54400044E-3,275.00000596E-3,
,,,-3.53600038E-3,250.00000000E-3,
,,,-3.52800032E-3,174.99999702E-3,
,,,-3.52000049E-3,150.00000596E-3,
,,,-3.51200043E-3,75.000002980E-3,
,,,-3.50400037E-3,50.00000075E-3,
,,,-3.49600031E-3,0.0,
,,,-3.48800048E-3,-75.000002980E-3,
,,,-3.48000042E-3,-100.0000015E-3,
,,,-3.47200036E-3,-150.00000596E-3,
,,,-3.46400030E-3,-200.00000298E-3,
,,,-3.45600047E-3,-250.00000000E-3,
,,,-3.44800041E-3,-325.00001788E-3,
,,,-3.44000035E-3,-349.99999404E-3,
,,,-3.43200029E-3,-425.000011921E-3,
,,,-3.42400046E-3,-450.000017881E-3,
,,,-3.41600040E-3,-474.999994040E-3,
,,,-3.40800034E-3,-525.000035763E-3,
,,,-3.40000028E-3,-574.999988079E-3,
,,,-3.39200045E-3,-600.000023842E-3,
,,,-3.38400039E-3,-650.000035763E-3,
,,,-3.37600033E-3,-699.999988079E-3,
,,,-3.36800050E-3,-725.000023842E-3,
,,,-3.36000044E-3,-775.000035763E-3,
,,,-3.35200038E-3,-800.000011921E-3,
,,,-3.34400032E-3,-850.000023842E-3,
,,,-3.33600049E-3,-850.000023842E-3,
,,,-3.32800043E-3,-850.000023842E-3,
,,,-3.32000037E-3,-900.000035763E-3,
,,,-3.31200031E-3,-925.000011921E-3,
,,,-3.30400048E-3,-949.999988079E-3,
,,,-3.29600042E-3,-949.999988079E-3,
,,,-3.28800036E-3,-975.000023842E-3,
,,,-3.28000030E-3,-975.000023842E-3,
,,,-3.27200047E-3,-1.000000,
,,,-3.26400041E-3,-975.000023842E-3,
,,,-3.25600035E-3,-975.000023842E-3,
,,,-3.24800028E-3,-1.000000,
,,,-3.24000046E-3,-1.000000,
,,,-3.23200040E-3,-975.000023842E-3,
,,,-3.22400033E-3,-1.000000,
,,,-3.21600051E-3,-975.000023842E-3,
,,,-3.20800045E-3,-975.000023842E-3,
,,,-3.20000038E-3,-949.999988079E-3,
,,,-3.19200032E-3,-925.000011921E-3,
,,,-3.18400050E-3,-900.000035763E-3,
,,,-3.17600043E-3,-875.000000000E-3,
,,,-3.16800037E-3,-850.000023842E-3,
,,,-3.16000031E-3,-824.999988079E-3,
,,,-3.15200048E-3,-800.000011921E-3,
,,,-3.14400042E-3,-775.000035763E-3,
,,,-3.13600036E-3,-725.000023842E-3,
,,,-3.12800030E-3,-725.000023842E-3,
,,,-3.12000047E-3,-675.000011921E-3,
,,,-3.11200041E-3,-650.000035763E-3,
,,,-3.10400035E-3,-600.000023842E-3,
,,,-3.09600029E-3,-574.999988079E-3,
,,,-3.08800046E-3,-500.000000000E-3,
,,,-3.08000040E-3,-450.000017881E-3,
,,,-3.07200034E-3,-425.000011921E-3,
,,,-3.06400028E-3,-375.00000000E-3,
,,,-3.05600045E-3,-325.00001788E-3,
,,,-3.04800039E-3,-275.00000596E-3,
,,,-3.04000033E-3,-250.00000000E-3,
,,,-3.03200050E-3,-174.99999702E-3,
,,,-3.02400044E-3,-125.0000000E-3,
,,,-3.01600038E-3,-100.0000015E-3,
,,,-3.00800032E-3,-25.00000037E-3,
,,,-3.00000049E-3,0.0,
,,,-2.99200043E-3,50.00000075E-3,
,,,-2.98400037E-3,125.0000000E-3,
,,,-2.97600031E-3,150.00000596E-3,
,,,-2.96800048E-3,200.00000298E-3,
,,,-2.96000042E-3,275.00000596E-3,
,,,-2.95200036E-3,300.00001192E-3,
,,,-2.94400030E-3,375.00000000E-3,
,,,-2.93600047E-3,400.00000596E-3,
,,,-2.92800041E-3,450.000017881E-3,
,,,-2.92000035E-3,500.000000000E-3,
,,,-2.91200029E-3,550.000011921E-3,
,,,-2.90400046E-3,600.000023842E-3,
,,,-2.89600040E-3,625.000000000E-3,
,,,-2.88800034E-3,650.000035763E-3,
,,,-2.88000051E-3,699.999988079E-3,
,,,-2.87200045E-3,750.000000000E-3,
,,,-2.86400039E-3,775.000035763E-3,
,,,-2.85600033E-3,800.000011921E-3,
,,,-2.84800050E-3,824.999988079E-3,
,,,-2.84000044E-3,875.000000000E-3,
,,,-2.83200038E-3,900.000035763E-3,
,,,-2.82400032E-3,900.000035763E-3,
,,,-2.81600049E-3,925.000011921E-3,
,,,-2.80800043E-3,975.000023842E-3,
,,,-2.80000037E-3,975.000023842E-3,
,,,-2.79200030E-3,1.000000,
,,,-2.78400048E-3,1.0250000,
,,,-2.77600042E-3,1.000000,
,,,-2.76800035E-3,1.000000,
,,,-2.76000029E-3,1.0250000,
,,,-2.75200047E-3,1.0250000,
,,,-2.74400041E-3,1.0250000,
,,,-2.73600034E-3,1.000000,
,,,-2.72800028E-3,1.0250000,
,,,-2.72000046E-3,975.000023842E-3,
,,,-2.7120004E-3,975.000023842E-3,
,,,-2.7040003E-3,975.000023842E-3,
,,,-2.6960005E-3,975.000023842E-3,
,,,-2.6880004E-3,949.999988079E-3,
,,,-2.6800004E-3,925.000011921E-3,
,,,-2.6720003E-3,900.000035763E-3,
,,,-2.6640005E-3,900.000035763E-3,
,,,-2.6560004E-3,850.000023842E-3,
,,,-2.6480004E-3,800.000011921E-3,
,,,-2.6400003E-3,800.000011921E-3,
,,,-2.6320005E-3,750.000000000E-3,
,,,-2.6240004E-3,725.000023842E-3,
,,,-2.6160004E-3,675.000011921E-3,
,,,-2.6080003E-3,625.000000000E-3,
,,,-2.6000005E-3,600.000023842E-3,
,,,-2.5920004E-3,550.000011921E-3,
,,,-2.5840004E-3,525.000035763E-3,
,,,-2.5760003E-3,474.999994040E-3,
,,,-2.5680005E-3,425.000011921E-3,
,,,-2.5600004E-3,400.00000596E-3,
,,,-2.5520003E-3,325.00001788E-3,
,,,-2.5440003E-3,275.00000596E-3,
,,,-2.5360005E-3,225.00000894E-3,
,,,-2.5280004E-3,174.99999702E-3,
,,,-2.5200003E-3,150.00000596E-3,
,,,-2.5120005E-3,100.0000015E-3,
,,,-2.5040004E-3,25.00000037E-3,
,,,-2.4960004E-3,-25.00000037E-3,
,,,-2.4880003E-3,-75.000002980E-3,
,,,-2.4800005E-3,-125.0000000E-3,
,,,-2.4720004E-3,-174.99999702E-3,
,,,-2.4640004E-3,-200.00000298E-3,
,,,-2.4560003E-3,-275.00000596E-3,
,,,-2.4480005E-3,-300.00001192E-3,
,,,-2.4400004E-3,-375.00000000E-3,
,,,-2.4320004E-3,-425.000011921E-3,
,,,-2.4240003E-3,-450.000017881E-3,
,,,-2.4160005E-3,-500.000000000E-3,
,,,-2.4080004E-3,-525.000035763E-3,
,,,-2.4000003E-3,-574.999988079E-3,
,,,-2.3920003E-3,-625.000000000E-3,
,,,-2.3840005E-3,-675.000011921E-3,
,,,-2.3760004E-3,-699.999988079E-3,
,,,-2.3680003E-3,-725.000023842E-3,
,,,-2.3600005E-3,-750.000000000E-3,
,,,-2.3520004E-3,-775.000035763E-3,
,,,-2.3440004E-3,-824.999988079E-3,
,,,-2.3360003E-3,-850.000023842E-3,
,,,-2.3280005E-3,-900.000035763E-3,
,,,-2.3200004E-3,-900.000035763E-3,
,,,-2.3120004E-3,-925.000011921E-3,
,,,-2.3040003E-3,-949.999988079E-3,
,,,-2.2960005E-3,-949.999988079E-3,
,,,-2.2880004E-3,-975.000023842E-3,
,,,-2.2800004E-3,-975.000023842E-3,
,,,-2.2720003E-3,-975.000023842E-3,
,,,-2.2640005E-3,-1.000000,
,,,-2.2560004E-3,-1.000000,
,,,-2.2480004E-3,-1.000000,
,,,-2.2400003E-3,-975.000023842E-3,
,,,-2.2320005E-3,-1.000000,
,,,-2.2240004E-3,-975.000023842E-3,
,,,-2.2160003E-3,-975.000023842E-3,
,,,-2.2080003E-3,-975.000023842E-3,
,,,-2.2000005E-3,-925.000011921E-3,
,,,-2.1920004E-3,-925.000011921E-3,
,,,-2.1840003E-3,-900.000035763E-3,
,,,-2.1760005E-3,-875.000000000E-3,
,,,-2.1680004E-3,-875.000000000E-3,
,,,-2.1600004E-3,-824.999988079E-3,
,,,-2.1520003E-3,-800.000011921E-3,
,,,-2.1440005E-3,-800.000011921E-3,
,,,-2.1360004E-3,-750.000000000E-3,
,,,-2.1280004E-3,-725.000023842E-3,
,,,-2.1200003E-3,-675.000011921E-3,
,,,-2.1120005E-3,-650.000035763E-3,
,,,-2.1040004E-3,-600.000023842E-3,
,,,-2.0960004E-3,-574.999988079E-3,
,,,-2.0880003E-3,-500.000000000E-3,
,,,-2.0800005E-3,-474.999994040E-3,
,,,-2.0720004E-3,-425.000011921E-3,
,,,-2.0640003E-3,-349.99999404E-3,
,,,-2.0560003E-3,-349.99999404E-3,
,,,-2.0480005E-3,-275.00000596E-3,
,,,-2.0400004E-3,-250.00000000E-3,
,,,-2.0320003E-3,-200.00000298E-3,
,,,-2.0240005E-3,-150.00000596E-3,
,,,-2.0160004E-3,-100.0000015E-3,
,,,-2.0080004E-3,-25.00000037E-3,
,,,-2.0000003E-3,0.0,
,,,-1.9920005E-3,75.000002980E-3,
,,,-1.9840004E-3,125.0000000E-3,
,,,-1.9760004E-3,150.00000596E-3,
,,,-1.9680003E-3,225.00000894E-3,
,,,-1.9600005E-3,275.00000596E-3,
,,,-1.9520004E-3,325.00001788E-3,
,,,-1.9440004E-3,375.00000000E-3,
,,,-1.9360004E-3,400.00000596E-3,
,,,-1.9280004E-3,450.000017881E-3,
,,,-1.9200004E-3,500.000000000E-3,
,,,-1.9120004E-3,550.000011921E-3,
,,,-1.9040004E-3,600.000023842E-3,
,,,-1.8960004E-3,625.000000000E-3,
,,,-1.8880004E-3,675.000011921E-3,
,,,-1.8800003E-3,699.999988079E-3,
,,,-1.8720004E-3,725.000023842E-3,
,,,-1.8640003E-3,775.000035763E-3,
,,,-1.8560004E-3,824.999988079E-3,
,,,-1.8480005E-3,824.999988079E-3,
,,,-1.8400004E-3,875.000000000E-3,
,,,-1.8320004E-3,900.000035763E-3,
,,,-1.8240004E-3,900.000035763E-3,
,,,-1.8160004E-3,925.000011921E-3,
,,,-1.8080004E-3,949.999988079E-3,
,,,-1.8000004E-3,949.999988079E-3,
,,,-1.7920004E-3,1.000000,
,,,-1.7840004E-3,1.0250000,
,,,-1.7760004E-3,1.0250000,
,,,-1.7680004E-3,1.000000,
,,,-1.7600004E-3,1.0250000,
,,,-1.7520004E-3,1.0250000,
,,,-1.7440004E-3,1.000000,
,,,-1.7360004E-3,1.0250000,
,,,-1.7280004E-3,1.000000,
,,,-1.7200004E-3,1.000000,
,,,-1.7120003E-3,975.000023842E-3,
,,,-1.7040004E-3,949.999988079E-3,
,,,-1.6960003E-3,949.999988079E-3,
,,,-1.6880004E-3,949.999988079E-3,
,,,-1.6800005E-3,925.000011921E-3,
,,,-1.6720004E-3,900.000035763E-3,
,,,-1.6640004E-3,875.000000000E-3,
,,,-1.6560004E-3,850.000023842E-3,
,,,-1.6480004E-3,824.999988079E-3,
,,,-1.6400004E-3,775.000035763E-3,
,,,-1.6320004E-3,750.000000000E-3,
,,,-1.6240004E-3,699.999988079E-3,
,,,-1.6160004E-3,699.999988079E-3,
,,,-1.6080004E-3,625.000000000E-3,
,,,-1.6000004E-3,600.000023842E-3,
,,,-1.5920004E-3,550.000011921E-3,
,,,-1.5840004E-3,525.000035763E-3,
,,,-1.5760004E-3,500.000000000E-3,
,,,-1.5680004E-3,425.000011921E-3,
,,,-1.5600004E-3,375.00000000E-3,
,,,-1.5520004E-3,349.99999404E-3,
,,,-1.5440003E-3,275.00000596E-3,
,,,-1.5360004E-3,250.00000000E-3,
,,,-1.5280003E-3,200.00000298E-3,
,,,-1.5200004E-3,150.00000596E-3,
,,,-1.5120005E-3,100.0000015E-3,
,,,-1.5040004E-3,50.00000075E-3,
,,,-1.4960004E-3,-25.00000037E-3,
,,,-1.4880004E-3,-75.000002980E-3,
,,,-1.4800004E-3,-125.0000000E-3,
,,,-1.4720004E-3,-174.99999702E-3,
,,,-1.4640004E-3,-200.00000298E-3,
,,,-1.4560004E-3,-275.00000596E-3,
,,,-1.4480004E-3,-300.00001192E-3,
,,,-1.4400004E-3,-349.99999404E-3,
,,,-1.4320004E-3,-400.00000596E-3,
,,,-1.4240004E-3,-450.000017881E-3,
,,,-1.4160004E-3,-500.000000000E-3,
,,,-1.4080004E-3,-550.000011921E-3,
,,,-1.4000004E-3,-574.999988079E-3,
,,,-1.3920004E-3,-625.000000000E-3,
,,,-1.3840004E-3,-650.000035763E-3,
,,,-1.3760003E-3,-725.000023842E-3,
,,,-1.3680004E-3,-725.000023842E-3,
,,,-1.3600003E-3,-750.000000000E-3,
,,,-1.3520004E-3,-800.000011921E-3,
,,,-1.3440005E-3,-824.999988079E-3,
,,,-1.3360004E-3,-850.000023842E-3,
,,,-1.3280004E-3,-875.000000000E-3,
,,,-1.3200004E-3,-900.000035763E-3,
,,,-1.3120004E-3,-925.000011921E-3,
,,,-1.3040004E-3,-925.000011921E-3,
,,,-1.2960004E-3,-949.999988079E-3,
,,,-1.2880004E-3,-975.000023842E-3,
,,,-1.2800004E-3,-975.000023842E-3,
,,,-1.2720004E-3,-1.000000,
,,,-1.2640004E-3,-1.000000,
,,,-1.2560004E-3,-1.000000,
,,,-1.2480004E-3,-1.000000,
,,,-1.2400004E-3,-1.000000,
,,,-1.2320004E-3,-1.000000,
,,,-1.2240004E-3,-975.000023842E-3,
,,,-1.2160004E-3,-975.000023842E-3,
,,,-1.2080004E-3,-949.999988079E-3,
,,,-1.2000004E-3,-925.000011921E-3,
,,,-1.1920003E-3,-925.000011921E-3,
,,,-1.1840004E-3,-900.000035763E-3,
,,,-1.1760003E-3,-900.000035763E-3,
,,,-1.1680004E-3,-875.000000000E-3,
,,,-1.1600005E-3,-824.999988079E-3,
,,,-1.1520004E-3,-800.000011921E-3,
,,,-1.1440004E-3,-750.000000000E-3,
,,,-1.1360004E-3,-750.000000000E-3,
,,,-1.1280004E-3,-699.999988079E-3,
,,,-1.1200004E-3,-675.000011921E-3,
,,,-1.1120004E-3,-625.000000000E-3,
,,,-1.1040004E-3,-600.000023842E-3,
,,,-1.0960004E-3,-550.000011921E-3,
,,,-1.0880004E-3,-525.000035763E-3,
,,,-1.0800004E-3,-450.000017881E-3,
,,,-1.0720004E-3,-425.000011921E-3,
,,,-1.0640004E-3,-400.00000596E-3,
,,,-1.0560004E-3,-325.00001788E-3,
,,,-1.0480004E-3,-275.00000596E-3,
,,,-1.0400004E-3,-225.00000894E-3,
,,,-1.0320004E-3,-174.99999702E-3,
,,,-1.0240003E-3,-150.00000596E-3,
,,,-1.0160004E-3,-75.000002980E-3,
,,,-1.0080003E-3,-25.00000037E-3,
,,,-1.0000004E-3,0.0,
,,,-992.000452243E-6,50.00000075E-3,
,,,-984.000391327E-6,125.0000000E-3,
,,,-976.000388619E-6,174.99999702E-3,
,,,-968.000385910E-6,225.00000894E-3,
,,,-960.000383202E-6,275.00000596E-3,
,,,-952.000380494E-6,325.00001788E-3,
,,,-944.000377785E-6,375.00000000E-3,
,,,-936.000375077E-6,425.000011921E-3,
,,,-928.000372369E-6,450.000017881E-3,
,,,-920.000369661E-6,500.000000000E-3,
,,,-912.000425160E-6,550.000011921E-3,
,,,-904.000422452E-6,574.999988079E-3,
,,,-896.000419743E-6,625.000000000E-3,
,,,-888.000417035E-6,650.000035763E-3,
,,,-880.000414327E-6,699.999988079E-3,
,,,-872.000411619E-6,750.000000000E-3,
,,,-864.000408910E-6,775.000035763E-3,
,,,-856.000406202E-6,824.999988079E-3,
,,,-848.000403494E-6,824.999988079E-3,
,,,-840.000400785E-6,850.000023842E-3,
,,,-832.000398077E-6,875.000000000E-3,
,,,-824.000395369E-6,900.000035763E-3,
,,,-816.000392660E-6,949.999988079E-3,
,,,-808.000389952E-6,949.999988079E-3,
,,,-800.000387244E-6,949.999988079E-3,
,,,-792.000384536E-6,975.000023842E-3,
,,,-784.000381827E-6,975.000023842E-3,
,,,-776.000379119E-6,1.000000,
,,,-768.000376411E-6,1.000000,
,,,-760.000373702E-6,1.000000,
,,,-752.000370994E-6,1.000000,
,,,-744.000426494E-6,1.0500001,
,,,-736.000423785E-6,1.0250000,
,,,-728.000421077E-6,1.0250000,
,,,-720.000418369E-6,1.000000,
,,,-712.000415660E-6,975.000023842E-3,
,,,-704.000412952E-6,975.000023842E-3,
,,,-696.000410244E-6,975.000023842E-3,
,,,-688.000407536E-6,949.999988079E-3,
,,,-680.000404827E-6,900.000035763E-3,
,,,-672.000402119E-6,925.000011921E-3,
,,,-664.000399411E-6,875.000000000E-3,
,,,-656.000396702E-6,850.000023842E-3,
,,,-648.000393994E-6,824.999988079E-3,
,,,-640.000391286E-6,775.000035763E-3,
,,,-632.000388578E-6,775.000035763E-3,
,,,-624.000385869E-6,725.000023842E-3,
,,,-616.000383161E-6,675.000011921E-3,
,,,-608.000380453E-6,650.000035763E-3,
,,,-600.000377744E-6,625.000000000E-3,
,,,-592.000375036E-6,550.000011921E-3,
,,,-584.000372328E-6,525.000035763E-3,
,,,-576.000427827E-6,474.999994040E-3,
,,,-568.000425119E-6,425.000011921E-3,
,,,-560.000422411E-6,375.00000000E-3,
,,,-552.000419702E-6,349.99999404E-3,
,,,-544.000416994E-6,275.00000596E-3,
,,,-536.000414286E-6,225.00000894E-3,
,,,-528.000411578E-6,200.00000298E-3,
,,,-520.000408869E-6,125.0000000E-3,
,,,-512.000406161E-6,75.000002980E-3,
,,,-504.000403453E-6,25.00000037E-3,
,,,-496.000400744E-6,-25.00000037E-3,
,,,-488.000398036E-6,-75.000002980E-3,
,,,-480.000395328E-6,-125.0000000E-3,
,,,-472.000392620E-6,-174.99999702E-3,
,,,-464.000389911E-6,-200.00000298E-3,
,,,-456.000387203E-6,-275.00000596E-3,
,,,-448.000384495E-6,-325.00001788E-3,
,,,-440.000410890E-6,-349.99999404E-3,
,,,-432.000408182E-6,-400.00000596E-3,
,,,-424.000405474E-6,-450.000017881E-3,
,,,-416.000402765E-6,-474.999994040E-3,
,,,-408.000400057E-6,-550.000011921E-3,
,,,-400.00039735E-6,-574.999988079E-3,
,,,-392.00039464E-6,-625.000000000E-3,
,,,-384.00039193E-6,-675.000011921E-3,
,,,-376.00038922E-6,-699.999988079E-3,
,,,-368.00038652E-6,-725.000023842E-3,
,,,-360.00041291E-6,-750.000000000E-3,
,,,-352.00041020E-6,-775.000035763E-3,
,,,-344.00040749E-6,-824.999988079E-3,
,,,-336.00040479E-6,-850.000023842E-3,
,,,-328.00040208E-6,-875.000000000E-3,
,,,-320.00039937E-6,-875.000000000E-3,
,,,-312.00039666E-6,-925.000011921E-3,
,,,-304.00039395E-6,-949.999988079E-3,
,,,-296.00039124E-6,-949.999988079E-3,
,,,-288.00038854E-6,-949.999988079E-3,
,,,-280.00038583E-6,-975.000023842E-3,
,,,-272.00041222E-6,-1.000000,
,,,-264.00040952E-6,-1.000000,
,,,-256.00040681E-6,-1.000000,
,,,-248.00040410E-6,-1.000000,
,,,-240.00040139E-6,-975.000023842E-3,
,,,-232.00039868E-6,-975.000023842E-3,
,,,-224.00039597E-6,-975.000023842E-3,
,,,-216.00039327E-6,-975.000023842E-3,
,,,-208.00040511E-6,-925.000011921E-3,
,,,-200.00040240E-6,-949.999988079E-3,
,,,-192.00039969E-6,-900.000035763E-3,
,,,-184.00039698E-6,-875.000000000E-3,
,,,-176.00039428E-6,-875.000000000E-3,
,,,-168.00040612E-6,-875.000000000E-3,
,,,-160.00040341E-6,-850.000023842E-3,
,,,-152.00040070E-6,-824.999988079E-3,
,,,-144.0003980E-6,-800.000011921E-3,
,,,-136.0003953E-6,-750.000000000E-3,
,,,-128.0003926E-6,-725.000023842E-3,
,,,-120.0003971E-6,-675.000011921E-3,
,,,-112.0004017E-6,-625.000000000E-3,
,,,-104.0003990E-6,-600.000023842E-3,
,,,-96.000396297E-6,-550.000011921E-3,
,,,-88.000400865E-6,-500.000000000E-3,
,,,-80.000398157E-6,-474.999994040E-3,
,,,-72.000402724E-6,-425.000011921E-3,
,,,-64.000400016E-6,-375.00000000E-3,
,,,-56.000400946E-6,-325.00001788E-3,
,,,-48.00040188E-6,-275.00000596E-3,
,,,-40.00039917E-6,-225.00000894E-3,
,,,-32.00040010E-6,-174.99999702E-3,
,,,-24.00040103E-6,-125.0000000E-3,
,,,-16.0004001E-6,-75.000002980E-3,
,,,-8.000400157E-6,-50.00000075E-3,
,,,-400.17766714E-12,25.00000037E-3,
,,,7.999599802E-6,75.000002980E-3,
,,,15.9995998E-6,125.0000000E-3,
,,,23.99960067E-6,150.00000596E-3,
,,,31.99959974E-6,225.00000894E-3,
,,,39.99959881E-6,275.00000596E-3,
,,,47.99960152E-6,300.00001192E-3,
,,,55.999600590E-6,375.00000000E-3,
,,,63.999599661E-6,425.000011921E-3,
,,,71.999602369E-6,474.999994040E-3,
,,,79.999597801E-6,474.999994040E-3,
,,,87.999600510E-6,550.000011921E-3,
,,,95.999595942E-6,574.999988079E-3,
,,,103.9995987E-6,625.000000000E-3,
,,,111.9996014E-6,699.999988079E-3,
,,,119.9995968E-6,699.999988079E-3,
,,,127.9996068E-6,750.000000000E-3,
,,,135.9995949E-6,775.000035763E-3,
,,,143.9995976E-6,800.000011921E-3,
,,,151.99960035E-6,824.999988079E-3,
,,,159.99960306E-6,850.000023842E-3,
,,,167.99960576E-6,875.000000000E-3,
,,,175.99959392E-6,900.000035763E-3,
,,,183.99959663E-6,949.999988079E-3,
,,,191.99959934E-6,949.999988079E-3,
,,,199.99960205E-6,949.999988079E-3,
,,,207.99960475E-6,1.000000,
,,,215.99959291E-6,1.000000,
,,,223.99959562E-6,1.0250000,
,,,231.99959833E-6,1.0250000,
,,,239.99960104E-6,1.000000,
,,,247.99958919E-6,1.0250000,
,,,255.99959190E-6,1.0250000,
,,,263.99959461E-6,1.000000,
,,,271.99959732E-6,1.000000,
,,,279.99960002E-6,1.000000,
,,,287.99960273E-6,1.000000,
,,,295.99960544E-6,975.000023842E-3,
,,,303.99960815E-6,949.999988079E-3,
,,,311.99961086E-6,949.999988079E-3,
,,,319.99958446E-6,925.000011921E-3,
,,,327.99958717E-6,900.000035763E-3,
,,,335.99958988E-6,875.000000000E-3,
,,,343.99959259E-6,824.999988079E-3,
,,,351.99959530E-6,800.000011921E-3,
,,,359.99959800E-6,775.000035763E-3,
,,,367.99960071E-6,750.000000000E-3,
,,,375.99960342E-6,725.000023842E-3,
,,,383.99960613E-6,675.000011921E-3,
,,,391.99960884E-6,625.000000000E-3,
,,,399.99961155E-6,625.000000000E-3,
,,,407.999585150E-6,550.000011921E-3,
,,,415.999587858E-6,500.000000000E-3,
,,,423.999590566E-6,474.999994040E-3,
,,,431.999593275E-6,400.00000596E-3,
,,,439.999595983E-6,400.00000596E-3,
,,,447.999598691E-6,349.99999404E-3,
,,,455.999601400E-6,300.00001192E-3,
,,,463.999604108E-6,225.00000894E-3,
,,,471.999606816E-6,174.99999702E-3,
,,,479.999609524E-6,125.0000000E-3,
,,,487.999612233E-6,75.000002980E-3,
,,,495.999585837E-6,25.00000037E-3,
,,,503.999588545E-6,-25.00000037E-3,
,,,511.999591254E-6,-75.000002980E-3,
,,,519.999593962E-6,-125.0000000E-3,
,,,527.999596670E-6,-150.00000596E-3,
,,,535.999599379E-6,-225.00000894E-3,
,,,543.999602087E-6,-250.00000000E-3,
,,,551.999604795E-6,-325.00001788E-3,
,,,559.999607503E-6,-349.99999404E-3,
,,,567.999610212E-6,-425.000011921E-3,
,,,575.999612920E-6,-474.999994040E-3,
,,,583.999615628E-6,-474.999994040E-3,
,,,591.999618337E-6,-550.000011921E-3,
,,,599.999621045E-6,-574.999988079E-3,
,,,607.999623753E-6,-625.000000000E-3,
,,,615.999626461E-6,-650.000035763E-3,
,,,623.999570962E-6,-699.999988079E-3,
,,,631.999573670E-6,-725.000023842E-3,
,,,639.999576379E-6,-750.000000000E-3,
,,,647.999579087E-6,-800.000011921E-3,
,,,655.999581795E-6,-850.000023842E-3,
,,,663.999584503E-6,-850.000023842E-3,
,,,671.999587212E-6,-875.000000000E-3,
,,,679.999589920E-6,-900.000035763E-3,
,,,687.999592628E-6,-925.000011921E-3,
,,,695.999595337E-6,-949.999988079E-3,
,,,703.999598045E-6,-925.000011921E-3,
,,,711.999600753E-6,-975.000023842E-3,
,,,719.999603461E-6,-975.000023842E-3,
,,,727.999606170E-6,-949.999988079E-3,
,,,735.999608878E-6,-1.000000,
,,,743.999611586E-6,-1.000000,
,,,751.999614295E-6,-975.000023842E-3,
,,,759.999617003E-6,-1.000000,
,,,767.999619711E-6,-1.000000,
,,,775.999622419E-6,-975.000023842E-3,
,,,783.999625128E-6,-975.000023842E-3,
,,,791.999569628E-6,-949.999988079E-3,
,,,799.999572337E-6,-949.999988079E-3,
,,,807.999575045E-6,-925.000011921E-3,
,,,815.999577753E-6,-925.000011921E-3,
,,,823.999580462E-6,-900.000035763E-3,
,,,831.999583170E-6,-850.000023842E-3,
,,,839.999585878E-6,-824.999988079E-3,
,,,847.999588586E-6,-800.000011921E-3,
,,,855.999591295E-6,-775.000035763E-3,
,,,863.999594003E-6,-750.000000000E-3,
,,,871.999596711E-6,-725.000023842E-3,
,,,879.999599420E-6,-650.000035763E-3,
,,,887.999602128E-6,-650.000035763E-3,
,,,895.999604836E-6,-574.999988079E-3,
,,,903.999607544E-6,-550.000011921E-3,
,,,911.999610253E-6,-500.000000000E-3,
,,,919.999612961E-6,-450.000017881E-3,
,,,927.999615669E-6,-425.000011921E-3,
,,,935.999618378E-6,-375.00000000E-3,
,,,943.999621086E-6,-325.00001788E-3,
,,,951.999623794E-6,-275.00000596E-3,
,,,959.999626502E-6,-225.00000894E-3,
,,,967.999571003E-6,-200.00000298E-3,
,,,975.999573711E-6,-150.00000596E-3,
,,,983.999576420E-6,-100.0000015E-3,
,,,991.999637336E-6,-50.00000075E-3,
,,,999.999581836E-6,0.0,
,,,1.0079996E-3,50.00000075E-3,
,,,1.0159996E-3,150.00000596E-3,
,,,1.0239996E-3,150.00000596E-3,
,,,1.0319996E-3,200.00000298E-3,
,,,1.0399997E-3,275.00000596E-3,
,,,1.0479996E-3,300.00001192E-3,
,,,1.0559995E-3,375.00000000E-3,
,,,1.0639996E-3,425.000011921E-3,
,,,1.0719995E-3,450.000017881E-3,
,,,1.0799996E-3,525.000035763E-3,
,,,1.0879996E-3,550.000011921E-3,
,,,1.0959996E-3,600.000023842E-3,
,,,1.1039996E-3,625.000000000E-3,
,,,1.1119996E-3,650.000035763E-3,
,,,1.1199996E-3,699.999988079E-3,
,,,1.1279996E-3,725.000023842E-3,
,,,1.1359996E-3,775.000035763E-3,
,,,1.1439996E-3,800.000011921E-3,
,,,1.1519996E-3,824.999988079E-3,
,,,1.1599996E-3,850.000023842E-3,
,,,1.1679996E-3,875.000000000E-3,
,,,1.1759996E-3,900.000035763E-3,
,,,1.1839996E-3,949.999988079E-3,
,,,1.1919996E-3,975.000023842E-3,
,,,1.1999996E-3,975.000023842E-3,
,,,1.2079997E-3,975.000023842E-3,
,,,1.2159996E-3,1.000000,
,,,1.2239995E-3,1.000000,
,,,1.2319996E-3,1.0250000,
,,,1.2399995E-3,1.0250000,
,,,1.2479996E-3,1.000000,
,,,1.2559996E-3,1.000000,
,,,1.2639996E-3,1.0250000,
,,,1.2719996E-3,1.000000,
,,,1.2799996E-3,1.000000,
,,,1.2879996E-3,1.000000,
,,,1.2959996E-3,975.000023842E-3,
,,,1.3039996E-3,949.999988079E-3,
,,,1.3119996E-3,925.000011921E-3,
,,,1.3199996E-3,925.000011921E-3,
,,,1.3279996E-3,925.000011921E-3,
,,,1.3359996E-3,875.000000000E-3,
,,,1.3439996E-3,824.999988079E-3,
,,,1.3519996E-3,800.000011921E-3,
,,,1.3599996E-3,775.000035763E-3,
,,,1.3679996E-3,725.000023842E-3,
,,,1.3759997E-3,725.000023842E-3,
,,,1.3839996E-3,675.000011921E-3,
,,,1.3919995E-3,650.000035763E-3,
,,,1.3999996E-3,600.000023842E-3,
,,,1.4079995E-3,550.000011921E-3,
,,,1.4159996E-3,525.000035763E-3,
,,,1.4239996E-3,474.999994040E-3,
,,,1.4319996E-3,450.000017881E-3,
,,,1.4399996E-3,425.000011921E-3,
,,,1.4479996E-3,325.00001788E-3,
,,,1.4559996E-3,275.00000596E-3,
,,,1.4639996E-3,225.00000894E-3,
,,,1.4719996E-3,174.99999702E-3,
,,,1.4799996E-3,125.0000000E-3,
,,,1.4879996E-3,75.000002980E-3,
,,,1.4959996E-3,25.00000037E-3,
,,,1.5039996E-3,0.0,
,,,1.5119996E-3,-50.00000075E-3,
,,,1.5199996E-3,-100.0000015E-3,
,,,1.5279996E-3,-174.99999702E-3,
,,,1.5359996E-3,-225.00000894E-3,
,,,1.5439996E-3,-275.00000596E-3,
,,,1.5519996E-3,-325.00001788E-3,
,,,1.5599995E-3,-375.00000000E-3,
,,,1.5679996E-3,-400.00000596E-3,
,,,1.5759995E-3,-450.000017881E-3,
,,,1.5839996E-3,-500.000000000E-3,
,,,1.5919995E-3,-550.000011921E-3,
,,,1.5999996E-3,-574.999988079E-3,
,,,1.6079996E-3,-650.000035763E-3,
,,,1.6159996E-3,-675.000011921E-3,
,,,1.6239996E-3,-699.999988079E-3,
,,,1.6319996E-3,-725.000023842E-3,
,,,1.6399996E-3,-775.000035763E-3,
,,,1.6479996E-3,-775.000035763E-3,
,,,1.6559996E-3,-800.000011921E-3,
,,,1.6639996E-3,-850.000023842E-3,
,,,1.6719996E-3,-900.000035763E-3,
,,,1.6799996E-3,-900.000035763E-3,
,,,1.6879996E-3,-925.000011921E-3,
,,,1.6959996E-3,-925.000011921E-3,
,,,1.7039996E-3,-949.999988079E-3,
,,,1.7119996E-3,-975.000023842E-3,
,,,1.7199996E-3,-975.000023842E-3,
,,,1.7279997E-3,-949.999988079E-3,
,,,1.7359996E-3,-1.000000,
,,,1.7439995E-3,-1.000000,
,,,1.7519996E-3,-1.000000,
,,,1.7599995E-3,-1.000000,
,,,1.7679996E-3,-1.000000,
,,,1.7759996E-3,-975.000023842E-3,
,,,1.7839996E-3,-1.000000,
,,,1.7919996E-3,-949.999988079E-3,
,,,1.7999996E-3,-949.999988079E-3,
,,,1.8079996E-3,-925.000011921E-3,
,,,1.8159996E-3,-925.000011921E-3,
,,,1.8239996E-3,-900.000035763E-3,
,,,1.8319996E-3,-875.000000000E-3,
,,,1.8399996E-3,-850.000023842E-3,
,,,1.8479996E-3,-800.000011921E-3,
,,,1.8559996E-3,-775.000035763E-3,
,,,1.8639996E-3,-750.000000000E-3,
,,,1.8719996E-3,-699.999988079E-3,
,,,1.8799996E-3,-675.000011921E-3,
,,,1.8879996E-3,-650.000035763E-3,
,,,1.8959997E-3,-574.999988079E-3,
,,,1.9039996E-3,-574.999988079E-3,
,,,1.9119995E-3,-500.000000000E-3,
,,,1.9199996E-3,-474.999994040E-3,
,,,1.9279995E-3,-400.00000596E-3,
,,,1.9359996E-3,-375.00000000E-3,
,,,1.9439996E-3,-325.00001788E-3,
,,,1.9519996E-3,-275.00000596E-3,
,,,1.9599996E-3,-225.00000894E-3,
,,,1.9679996E-3,-200.00000298E-3,
,,,1.9759997E-3,-150.00000596E-3,
,,,1.9839995E-3,-75.000002980E-3,
,,,1.9919996E-3,-25.00000037E-3,
,,,1.9999996E-3,0.0,
,,,2.0079997E-3,50.00000075E-3,
,,,2.0159995E-3,125.0000000E-3,
,,,2.0239996E-3,174.99999702E-3,
,,,2.0319996E-3,225.00000894E-3,
,,,2.0399997E-3,275.00000596E-3,
,,,2.0479995E-3,300.00001192E-3,
,,,2.0559996E-3,349.99999404E-3,
,,,2.0639997E-3,425.000011921E-3,
,,,2.0719995E-3,450.000017881E-3,
,,,2.0799995E-3,500.000000000E-3,
,,,2.0879996E-3,525.000035763E-3,
,,,2.0959997E-3,600.000023842E-3,
,,,2.1039995E-3,600.000023842E-3,
,,,2.1119996E-3,699.999988079E-3,
,,,2.1199996E-3,699.999988079E-3,
,,,2.1279997E-3,750.000000000E-3,
,,,2.1359995E-3,775.000035763E-3,
,,,2.1439996E-3,800.000011921E-3,
,,,2.1519996E-3,824.999988079E-3,
,,,2.1599997E-3,875.000000000E-3,
,,,2.1679995E-3,900.000035763E-3,
,,,2.1759996E-3,949.999988079E-3,
,,,2.1839996E-3,925.000011921E-3,
,,,2.1919997E-3,975.000023842E-3,
,,,2.1999995E-3,975.000023842E-3,
,,,2.2079996E-3,1.000000,
,,,2.2159996E-3,1.000000,
,,,2.2239997E-3,1.000000,
,,,2.2319995E-3,1.0250000,
,,,2.2399996E-3,1.000000,
,,,2.2479997E-3,1.0250000,
,,,2.2559995E-3,1.0250000,
,,,2.2639995E-3,1.000000,
,,,2.2719996E-3,1.000000,
,,,2.2799997E-3,1.000000,
,,,2.2879995E-3,975.000023842E-3,
,,,2.2959996E-3,1.000000,
,,,2.3039996E-3,975.000023842E-3,
,,,2.3119997E-3,949.999988079E-3,
,,,2.3199995E-3,949.999988079E-3,
,,,2.3279996E-3,900.000035763E-3,
,,,2.3359996E-3,875.000000000E-3,
,,,2.3439997E-3,824.999988079E-3,
,,,2.3519995E-3,824.999988079E-3,
,,,2.3599996E-3,800.000011921E-3,
,,,2.3679996E-3,775.000035763E-3,
,,,2.3759997E-3,699.999988079E-3,
,,,2.3839995E-3,675.000011921E-3,
,,,2.3919996E-3,650.000035763E-3,
,,,2.3999996E-3,574.999988079E-3,
,,,2.4079997E-3,550.000011921E-3,
,,,2.4159995E-3,525.000035763E-3,
,,,2.4239996E-3,474.999994040E-3,
,,,2.4319997E-3,425.000011921E-3,
,,,2.4399995E-3,400.00000596E-3,
,,,2.4479995E-3,325.00001788E-3,
,,,2.4559996E-3,250.00000000E-3,
,,,2.4639997E-3,225.00000894E-3,
,,,2.4719995E-3,200.00000298E-3,
,,,2.4799996E-3,150.00000596E-3,
,,,2.4879996E-3,75.000002980E-3,
,,,2.4959997E-3,50.00000075E-3,
,,,2.5039995E-3,-25.00000037E-3,
,,,2.5119996E-3,-75.000002980E-3,
,,,2.5199996E-3,-125.0000000E-3,
,,,2.5279997E-3,-174.99999702E-3,
,,,2.5359995E-3,-174.99999702E-3,
,,,2.5439996E-3,-250.00000000E-3,
,,,2.5519996E-3,-325.00001788E-3,
,,,2.5599997E-3,-349.99999404E-3,
,,,2.5679995E-3,-375.00000000E-3,
,,,2.5759996E-3,-450.000017881E-3,
,,,2.5839997E-3,-474.999994040E-3,
,,,2.5919995E-3,-550.000011921E-3,
,,,2.5999995E-3,-600.000023842E-3,
,,,2.6079996E-3,-625.000000000E-3,
,,,2.6159997E-3,-650.000035763E-3,
,,,2.6239995E-3,-699.999988079E-3,
,,,2.6319996E-3,-750.000000000E-3,
,,,2.6399996E-3,-750.000000000E-3,
,,,2.6479997E-3,-800.000011921E-3,
,,,2.6559995E-3,-850.000023842E-3,
,,,2.6639996E-3,-850.000023842E-3,
,,,2.6719996E-3,-900.000035763E-3,
,,,2.6799997E-3,-900.000035763E-3,
,,,2.6879995E-3,-900.000035763E-3,
,,,2.6959996E-3,-949.999988079E-3,
,,,2.7039996E-3,-949.999988079E-3,
,,,2.7119997E-3,-949.999988079E-3,
,,,2.71999952E-3,-975.000023842E-3,
,,,2.72799958E-3,-975.000023842E-3,
,,,2.73599965E-3,-1.000000,
,,,2.74399971E-3,-1.000000,
,,,2.75199953E-3,-1.000000,
,,,2.75999960E-3,-975.000023842E-3,
,,,2.76799966E-3,-1.000000,
,,,2.77599948E-3,-975.000023842E-3,
,,,2.78399955E-3,-949.999988079E-3,
,,,2.79199961E-3,-949.999988079E-3,
,,,2.79999967E-3,-949.999988079E-3,
,,,2.80799950E-3,-949.999988079E-3,
,,,2.81599956E-3,-925.000011921E-3,
,,,2.82399962E-3,-875.000000000E-3,
,,,2.83199968E-3,-850.000023842E-3,
,,,2.83999951E-3,-824.999988079E-3,
,,,2.84799957E-3,-824.999988079E-3,
,,,2.85599963E-3,-775.000035763E-3,
,,,2.86399969E-3,-750.000000000E-3,
,,,2.87199952E-3,-699.999988079E-3,
,,,2.87999958E-3,-699.999988079E-3,
,,,2.88799964E-3,-650.000035763E-3,
,,,2.89599970E-3,-600.000023842E-3,
,,,2.90399953E-3,-574.999988079E-3,
,,,2.91199959E-3,-525.000035763E-3,
,,,2.91999965E-3,-450.000017881E-3,
,,,2.92799948E-3,-425.000011921E-3,
,,,2.93599954E-3,-349.99999404E-3,
,,,2.94399960E-3,-325.00001788E-3,
,,,2.95199966E-3,-275.00000596E-3,
,,,2.95999949E-3,-250.00000000E-3,
,,,2.96799955E-3,-200.00000298E-3,
,,,2.97599961E-3,-150.00000596E-3,
,,,2.98399967E-3,-75.000002980E-3,
,,,2.99199950E-3,-25.00000037E-3,
,,,2.99999956E-3,25.00000037E-3,
,,,3.00799962E-3,75.000002980E-3,
,,,3.01599968E-3,125.0000000E-3,
,,,3.02399951E-3,150.00000596E-3,
,,,3.03199957E-3,225.00000894E-3,
,,,3.03999963E-3,275.00000596E-3,
,,,3.04799969E-3,325.00001788E-3,
,,,3.05599952E-3,375.00000000E-3,
,,,3.06399958E-3,400.00000596E-3,
,,,3.07199964E-3,474.999994040E-3,
,,,3.07999970E-3,500.000000000E-3,
,,,3.08799953E-3,550.000011921E-3,
,,,3.09599959E-3,600.000023842E-3,
,,,3.10399965E-3,625.000000000E-3,
,,,3.11199948E-3,675.000011921E-3,
,,,3.11999954E-3,725.000023842E-3,
,,,3.12799960E-3,725.000023842E-3,
,,,3.13599966E-3,775.000035763E-3,
,,,3.14399949E-3,824.999988079E-3,
,,,3.15199955E-3,824.999988079E-3,
,,,3.15999961E-3,875.000000000E-3,
,,,3.16799968E-3,900.000035763E-3,
,,,3.17599950E-3,925.000011921E-3,
,,,3.18399956E-3,949.999988079E-3,
,,,3.19199963E-3,949.999988079E-3,
,,,3.19999969E-3,975.000023842E-3,
,,,3.20799951E-3,975.000023842E-3,
,,,3.21599958E-3,1.000000,
,,,3.22399964E-3,1.000000,
,,,3.23199970E-3,1.0250000,
,,,3.23999953E-3,1.0250000,
,,,3.24799959E-3,1.0250000,
,,,3.25599965E-3,1.0250000,
,,,3.26399971E-3,1.0250000,
,,,3.27199954E-3,1.000000,
,,,3.27999960E-3,1.0250000,
,,,3.28799966E-3,975.000023842E-3,
,,,3.29599949E-3,975.000023842E-3,
,,,3.30399955E-3,975.000023842E-3,
,,,3.31199961E-3,925.000011921E-3,
,,,3.31999967E-3,925.000011921E-3,
,,,3.32799950E-3,925.000011921E-3,
,,,3.33599956E-3,875.000000000E-3,
,,,3.34399962E-3,850.000023842E-3,
,,,3.35199968E-3,800.000011921E-3,
,,,3.35999951E-3,800.000011921E-3,
,,,3.36799957E-3,775.000035763E-3,
,,,3.37599963E-3,699.999988079E-3,
,,,3.38399969E-3,675.000011921E-3,
,,,3.39199952E-3,650.000035763E-3,
,,,3.39999958E-3,600.000023842E-3,
,,,3.40799964E-3,550.000011921E-3,
,,,3.41599970E-3,525.000035763E-3,
,,,3.42399953E-3,474.999994040E-3,
,,,3.43199959E-3,450.000017881E-3,
,,,3.43999965E-3,375.00000000E-3,
,,,3.44799948E-3,325.00001788E-3,
,,,3.45599954E-3,300.00001192E-3,
,,,3.46399960E-3,225.00000894E-3,
,,,3.47199966E-3,174.99999702E-3,
,,,3.47999949E-3,125.0000000E-3,
,,,3.48799955E-3,75.000002980E-3,
,,,3.49599961E-3,25.00000037E-3,
,,,3.50399967E-3,-25.00000037E-3,
,,,3.51199950E-3,-75.000002980E-3,
,,,3.51999956E-3,-125.0000000E-3,
,,,3.52799962E-3,-174.99999702E-3,
,,,3.53599968E-3,-200.00000298E-3,
,,,3.54399951E-3,-275.00000596E-3,
,,,3.55199957E-3,-325.00001788E-3,
,,,3.55999963E-3,-375.00000000E-3,
,,,3.56799969E-3,-400.00000596E-3,
,,,3.57599952E-3,-450.000017881E-3,
,,,3.58399958E-3,-500.000000000E-3,
,,,3.59199964E-3,-550.000011921E-3,
,,,3.59999971E-3,-600.000023842E-3,
,,,3.60799953E-3,-625.000000000E-3,
,,,3.61599959E-3,-675.000011921E-3,
,,,3.62399966E-3,-699.999988079E-3,
,,,3.63199948E-3,-725.000023842E-3,
,,,3.63999954E-3,-775.000035763E-3,
,,,3.64799961E-3,-800.000011921E-3,
,,,3.65599967E-3,-824.999988079E-3,
,,,3.66399949E-3,-850.000023842E-3,
,,,3.67199956E-3,-875.000000000E-3,
,,,3.67999962E-3,-900.000035763E-3,
,,,3.68799968E-3,-949.999988079E-3,
,,,3.69599950E-3,-925.000011921E-3,
,,,3.70399957E-3,-975.000023842E-3,
,,,3.71199963E-3,-975.000023842E-3,
,,,3.71999969E-3,-975.000023842E-3,
,,,3.72799952E-3,-1.000000,
,,,3.73599958E-3,-975.000023842E-3,
,,,3.74399964E-3,-1.000000,
,,,3.75199970E-3,-975.000023842E-3,
,,,3.75999953E-3,-1.000000,
,,,3.76799959E-3,-975.000023842E-3,
,,,3.77599965E-3,-975.000023842E-3,
,,,3.78399948E-3,-949.999988079E-3,
,,,3.79199954E-3,-949.999988079E-3,
,,,3.79999960E-3,-949.999988079E-3,
,,,3.80799966E-3,-949.999988079E-3,
,,,3.81599949E-3,-900.000035763E-3,
,,,3.82399955E-3,-900.000035763E-3,
,,,3.83199961E-3,-850.000023842E-3,
,,,3.83999967E-3,-824.999988079E-3,
,,,3.84799950E-3,-824.999988079E-3,
,,,3.85599956E-3,-750.000000000E-3,
,,,3.86399962E-3,-775.000035763E-3,
,,,3.87199968E-3,-725.000023842E-3,
,,,3.87999951E-3,-675.000011921E-3,
,,,3.88799957E-3,-625.000000000E-3,
,,,3.89599963E-3,-600.000023842E-3,
,,,3.90399969E-3,-550.000011921E-3,
,,,3.91199952E-3,-525.000035763E-3,
,,,3.91999958E-3,-474.999994040E-3,
,,,3.92799964E-3,-450.000017881E-3,
,,,3.93599970E-3,-375.00000000E-3,
,,,3.94399976E-3,-325.00001788E-3,
,,,3.95199936E-3,-275.00000596E-3,
,,,3.95999942E-3,-250.00000000E-3,
,,,3.96799948E-3,-200.00000298E-3,
,,,3.97599954E-3,-150.00000596E-3,
,,,3.98399960E-3,-75.000002980E-3,
,,,3.99199966E-3,-25.00000037E-3,
,,,3.99999972E-3,0.0,
,,,4.00799979E-3,50.00000075E-3,
,,,4.01599938E-3,100.0000015E-3,
,,,4.02399944E-3,150.00000596E-3,
,,,4.03199950E-3,225.00000894E-3,
,,,4.03999956E-3,275.00000596E-3,
,,,4.04799962E-3,325.00001788E-3,
,,,4.05599969E-3,375.00000000E-3,
,,,4.06399975E-3,425.000011921E-3,
,,,4.07199981E-3,450.000017881E-3,
,,,4.07999940E-3,500.000000000E-3,
,,,4.08799946E-3,550.000011921E-3,
,,,4.09599952E-3,600.000023842E-3,
,,,4.10399958E-3,625.000000000E-3,
,,,4.11199965E-3,650.000035763E-3,
,,,4.11999971E-3,699.999988079E-3,
,,,4.12799977E-3,750.000000000E-3,
,,,4.13599936E-3,775.000035763E-3,
,,,4.14399942E-3,824.999988079E-3,
,,,4.15199948E-3,850.000023842E-3,
,,,4.15999955E-3,875.000000000E-3,
,,,4.16799961E-3,900.000035763E-3,
,,,4.17599967E-3,925.000011921E-3,
,,,4.18399973E-3,925.000011921E-3,
,,,4.19199979E-3,949.999988079E-3,
,,,4.19999938E-3,975.000023842E-3,
,,,4.20799945E-3,975.000023842E-3,
,,,4.21599951E-3,1.000000,
,,,4.22399957E-3,1.0250000,
,,,4.23199963E-3,1.000000,
,,,4.23999969E-3,1.000000,
,,,4.24799975E-3,1.0250000,
,,,4.25599981E-3,1.0250000,
,,,4.26399941E-3,1.0250000,
,,,4.27199947E-3,1.0250000,
,,,4.27999953E-3,1.000000,
,,,4.28799959E-3,1.000000,
,,,4.29599965E-3,1.000000,
,,,4.30399971E-3,949.999988079E-3,
,,,4.31199977E-3,949.999988079E-3,
,,,4.31999937E-3,925.000011921E-3,
,,,4.32799943E-3,900.000035763E-3,
,,,4.33599949E-3,875.000000000E-3,
,,,4.34399955E-3,850.000023842E-3,
,,,4.35199961E-3,800.000011921E-3,
,,,4.35999967E-3,800.000011921E-3,
,,,4.36799973E-3,750.000000000E-3,
,,,4.37599979E-3,725.000023842E-3,
,,,4.38399939E-3,675.000011921E-3,
,,,4.39199945E-3,625.000000000E-3,
,,,4.39999951E-3,600.000023842E-3,
,,,4.40799957E-3,550.000011921E-3,
,,,4.41599963E-3,525.000035763E-3,
,,,4.42399969E-3,474.999994040E-3,
,,,4.43199975E-3,450.000017881E-3,
,,,4.43999982E-3,400.00000596E-3,
,,,4.44799941E-3,349.99999404E-3,
,,,4.45599947E-3,300.00001192E-3,
,,,4.46399953E-3,250.00000000E-3,
,,,4.47199959E-3,174.99999702E-3,
,,,4.47999965E-3,125.0000000E-3,
,,,4.48799971E-3,75.000002980E-3,
,,,4.49599978E-3,25.00000037E-3,
,,,4.50399937E-3,-25.00000037E-3,
,,,4.51199943E-3,-75.000002980E-3,
,,,4.51999949E-3,-125.0000000E-3,
,,,4.52799955E-3,-174.99999702E-3,
,,,4.53599961E-3,-200.00000298E-3,
,,,4.54399968E-3,-275.00000596E-3,
,,,4.55199974E-3,-300.00001192E-3,
,,,4.55999980E-3,-349.99999404E-3,
,,,4.56799939E-3,-400.00000596E-3,
,,,4.57599945E-3,-450.000017881E-3,
,,,4.58399951E-3,-474.999994040E-3,
,,,4.59199958E-3,-525.000035763E-3,
,,,4.59999964E-3,-574.999988079E-3,
,,,4.60799970E-3,-625.000000000E-3,
,,,4.61599976E-3,-675.000011921E-3,
,,,4.62399982E-3,-699.999988079E-3,
,,,4.63199941E-3,-725.000023842E-3,
,,,4.63999948E-3,-775.000035763E-3,
,,,4.64799954E-3,-800.000011921E-3,
,,,4.65599960E-3,-824.999988079E-3,
,,,4.66399966E-3,-850.000023842E-3,
,,,4.67199972E-3,-875.000000000E-3,
,,,4.67999978E-3,-900.000035763E-3,
,,,4.68799938E-3,-925.000011921E-3,
,,,4.69599944E-3,-949.999988079E-3,
,,,4.70399950E-3,-949.999988079E-3,
,,,4.71199956E-3,-949.999988079E-3,
,,,4.71999962E-3,-975.000023842E-3,
,,,4.72799968E-3,-975.000023842E-3,
,,,4.73599974E-3,-975.000023842E-3,
,,,4.74399980E-3,-975.000023842E-3,
,,,4.75199940E-3,-1.000000,
,,,4.75999946E-3,-975.000023842E-3,
,,,4.76799952E-3,-975.000023842E-3,
,,,4.77599958E-3,-1.000000,
,,,4.78399964E-3,-975.000023842E-3,
,,,4.79199970E-3,-975.000023842E-3,
,,,4.79999976E-3,-949.999988079E-3,
,,,4.80799936E-3,-925.000011921E-3,
,,,4.81599942E-3,-900.000035763E-3,
,,,4.82399948E-3,-900.000035763E-3,
,,,4.83199954E-3,-850.000023842E-3,
,,,4.83999960E-3,-824.999988079E-3,
,,,4.84799966E-3,-800.000011921E-3,
,,,4.85599972E-3,-775.000035763E-3,
,,,4.86399978E-3,-725.000023842E-3,
,,,4.87199938E-3,-699.999988079E-3,
,,,4.87999944E-3,-650.000035763E-3,
,,,4.88799950E-3,-650.000035763E-3,
,,,4.89599956E-3,-600.000023842E-3,
,,,4.90399962E-3,-574.999988079E-3,
,,,4.91199968E-3,-525.000035763E-3,
,,,4.91999974E-3,-450.000017881E-3,
,,,4.92799981E-3,-425.000011921E-3,
,,,4.93599940E-3,-375.00000000E-3,
,,,4.94399946E-3,-325.00001788E-3,
,,,4.95199952E-3,-275.00000596E-3,
,,,4.95999958E-3,-225.00000894E-3,
,,,4.96799964E-3,-174.99999702E-3,
,,,4.97599971E-3,-150.00000596E-3,
,,,4.98399977E-3,-100.0000015E-3,
,,,4.99199936E-3,-50.00000075E-3,
,,,4.99999942E-3,25.00000037E-3,
,,,5.00799948E-3,75.000002980E-3,
,,,5.01599954E-3,100.0000015E-3,
,,,5.02399961E-3,174.99999702E-3,
,,,5.03199967E-3,225.00000894E-3,
,,,5.03999973E-3,275.00000596E-3,
,,,5.04799979E-3,300.00001192E-3,
,,,5.05599938E-3,349.99999404E-3,
,,,5.06399944E-3,425.000011921E-3,
,,,5.07199951E-3,450.000017881E-3,
,,,5.07999957E-3,500.000000000E-3,
,,,5.08799963E-3,550.000011921E-3,
,,,5.09599969E-3,600.000023842E-3,
,,,5.10399975E-3,650.000035763E-3,
,,,5.11199981E-3,650.000035763E-3,
,,,5.11999940E-3,699.999988079E-3,
,,,5.12799947E-3,725.000023842E-3,
,,,5.13599953E-3,775.000035763E-3,
,,,5.14399959E-3,800.000011921E-3,
,,,5.15199965E-3,824.999988079E-3,
,,,5.15999971E-3,850.000023842E-3,
,,,5.16799977E-3,900.000035763E-3,
,,,5.17599937E-3,925.000011921E-3,
,,,5.18399943E-3,949.999988079E-3,
,,,5.19199949E-3,975.000023842E-3,
,,,5.19999955E-3,975.000023842E-3,
,,,5.20799961E-3,1.000000,
,,,5.21599967E-3,975.000023842E-3,
,,,5.22399973E-3,1.000000,
,,,5.23199979E-3,1.0250000,
,,,5.23999939E-3,1.0250000,
,,,5.24799945E-3,1.000000,
,,,5.25599951E-3,1.0250000,
,,,5.26399957E-3,1.0250000,
,,,5.27199963E-3,1.000000,
,,,5.27999969E-3,1.0250000,
,,,5.28799975E-3,1.000000,
,,,5.29599981E-3,975.000023842E-3,
,,,5.30399941E-3,975.000023842E-3,
,,,5.31199947E-3,949.999988079E-3,
,,,5.31999953E-3,925.000011921E-3,
,,,5.32799959E-3,925.000011921E-3,
,,,5.33599965E-3,875.000000000E-3,
,,,5.34399971E-3,824.999988079E-3,
,,,5.35199977E-3,800.000011921E-3,
,,,5.35999937E-3,800.000011921E-3,
,,,5.36799943E-3,750.000000000E-3,
,,,5.37599949E-3,725.000023842E-3,
,,,5.38399955E-3,675.000011921E-3,
,,,5.39199961E-3,650.000035763E-3,
,,,5.39999967E-3,574.999988079E-3,
,,,5.40799974E-3,550.000011921E-3,
,,,5.41599980E-3,500.000000000E-3,
,,,5.42399939E-3,474.999994040E-3,
,,,5.43199945E-3,425.000011921E-3,
,,,5.43999951E-3,375.00000000E-3,
,,,5.44799957E-3,349.99999404E-3,
,,,5.45599964E-3,300.00001192E-3,
,,,5.46399970E-3,225.00000894E-3,
,,,5.47199976E-3,200.00000298E-3,
,,,5.47999982E-3,125.0000000E-3,
,,,5.48799941E-3,75.000002980E-3,
,,,5.49599947E-3,25.00000037E-3,
,,,5.50399953E-3,-25.00000037E-3,
,,,5.51199960E-3,-75.000002980E-3,
,,,5.51999966E-3,-100.0000015E-3,
,,,5.52799972E-3,-174.99999702E-3,
,,,5.53599978E-3,-200.00000298E-3,
,,,5.54399937E-3,-275.00000596E-3,
,,,5.55199943E-3,-300.00001192E-3,
,,,5.55999950E-3,-349.99999404E-3,
,,,5.56799956E-3,-400.00000596E-3,
,,,5.57599962E-3,-450.000017881E-3,
,,,5.58399968E-3,-500.000000000E-3,
,,,5.59199974E-3,-550.000011921E-3,
,,,5.59999980E-3,-574.999988079E-3,
,,,5.60799940E-3,-625.000000000E-3,
,,,5.61599946E-3,-675.000011921E-3,
,,,5.62399952E-3,-699.999988079E-3,
,,,5.63199958E-3,-725.000023842E-3,
,,,5.63999964E-3,-750.000000000E-3,
,,,5.64799970E-3,-800.000011921E-3,
,,,5.65599976E-3,-800.000011921E-3,
,,,5.66399936E-3,-850.000023842E-3,
,,,5.67199942E-3,-875.000000000E-3,
,,,5.67999948E-3,-900.000035763E-3,
,,,5.68799954E-3,-925.000011921E-3,
,,,5.69599960E-3,-925.000011921E-3,
,,,5.70399966E-3,-949.999988079E-3,
,,,5.71199972E-3,-975.000023842E-3,
,,,5.71999978E-3,-975.000023842E-3,
,,,5.72799938E-3,-975.000023842E-3,
,,,5.73599944E-3,-1.000000,
,,,5.74399950E-3,-1.000000,
,,,5.75199956E-3,-1.000000,
,,,5.75999962E-3,-975.000023842E-3,
,,,5.76799968E-3,-975.000023842E-3,
,,,5.77599974E-3,-975.000023842E-3,
,,,5.78399980E-3,-949.999988079E-3,
,,,5.79199940E-3,-975.000023842E-3,
,,,5.79999946E-3,-925.000011921E-3,
,,,5.80799952E-3,-949.999988079E-3,
,,,5.81599958E-3,-900.000035763E-3,
,,,5.82399964E-3,-900.000035763E-3,
,,,5.83199970E-3,-850.000023842E-3,
,,,5.83999977E-3,-824.999988079E-3,
,,,5.84799936E-3,-800.000011921E-3,
,,,5.85599942E-3,-775.000035763E-3,
,,,5.86399948E-3,-725.000023842E-3,
,,,5.87199954E-3,-725.000023842E-3,
,,,5.87999960E-3,-675.000011921E-3,
,,,5.88799966E-3,-650.000035763E-3,
,,,5.89599973E-3,-574.999988079E-3,
,,,5.90399979E-3,-550.000011921E-3,
,,,5.91199938E-3,-525.000035763E-3,
,,,5.91999944E-3,-450.000017881E-3,
,,,5.92799950E-3,-425.000011921E-3,
,,,5.93599956E-3,-375.00000000E-3,
,,,5.94399963E-3,-349.99999404E-3,
,,,5.95199969E-3,-300.00001192E-3,
,,,5.95999975E-3,-225.00000894E-3,
,,,5.96799981E-3,-174.99999702E-3,
,,,5.97599940E-3,-125.0000000E-3,
,,,5.98399946E-3,-100.0000015E-3,
,,,5.99199953E-3,-25.00000037E-3,
,,,5.99999959E-3,25.00000037E-3,
,,,6.00799965E-3,75.000002980E-3,
,,,6.01599971E-3,125.0000000E-3,
,,,6.02399977E-3,174.99999702E-3,
,,,6.03199936E-3,225.00000894E-3,
,,,6.03999943E-3,250.00000000E-3,
,,,6.04799949E-3,300.00001192E-3,
,,,6.05599955E-3,375.00000000E-3,
,,,6.06399961E-3,400.00000596E-3,
,,,6.07199967E-3,450.000017881E-3,
,,,6.07999973E-3,500.000000000E-3,
,,,6.08799979E-3,550.000011921E-3,
,,,6.09599939E-3,600.000023842E-3,
,,,6.10399945E-3,625.000000000E-3,
,,,6.11199951E-3,650.000035763E-3,
,,,6.11999957E-3,699.999988079E-3,
,,,6.12799963E-3,725.000023842E-3,
,,,6.13599969E-3,775.000035763E-3,
,,,6.14399975E-3,800.000011921E-3,
,,,6.15199981E-3,850.000023842E-3,
,,,6.15999941E-3,875.000000000E-3,
,,,6.16799947E-3,875.000000000E-3,
,,,6.17599953E-3,900.000035763E-3,
,,,6.18399959E-3,949.999988079E-3,
,,,6.19199965E-3,949.999988079E-3,
,,,6.19999971E-3,1.000000,
,,,6.20799977E-3,975.000023842E-3,
,,,6.21599937E-3,1.000000,
,,,6.22399943E-3,1.000000,
,,,6.23199949E-3,1.0250000,
,,,6.23999955E-3,1.0250000,
,,,6.24799961E-3,1.000000,
,,,6.25599967E-3,1.0250000,
,,,6.26399973E-3,1.000000,
,,,6.27199979E-3,1.0250000,
,,,6.27999939E-3,1.0250000,
,,,6.28799945E-3,975.000023842E-3,
,,,6.29599951E-3,975.000023842E-3,
,,,6.30399957E-3,949.999988079E-3,
,,,6.31199963E-3,925.000011921E-3,
,,,6.31999969E-3,925.000011921E-3,
,,,6.32799976E-3,925.000011921E-3,
,,,6.33599982E-3,900.000035763E-3,
,,,6.34399941E-3,850.000023842E-3,
,,,6.35199947E-3,824.999988079E-3,
,,,6.35999953E-3,800.000011921E-3,
,,,6.36799959E-3,750.000000000E-3,
,,,6.37599966E-3,725.000023842E-3,
,,,6.38399972E-3,699.999988079E-3,
,,,6.39199978E-3,625.000000000E-3,
,,,6.39999937E-3,625.000000000E-3,
,,,6.40799943E-3,550.000011921E-3,
,,,6.41599949E-3,500.000000000E-3,
,,,6.42399956E-3,474.999994040E-3,
,,,6.43199962E-3,450.000017881E-3,
,,,6.43999968E-3,375.00000000E-3,
,,,6.44799974E-3,325.00001788E-3,
,,,6.45599980E-3,300.00001192E-3,
,,,6.46399939E-3,200.00000298E-3,
,,,6.47199946E-3,174.99999702E-3,
,,,6.47999952E-3,150.00000596E-3,
,,,6.48799958E-3,75.000002980E-3,
,,,6.49599964E-3,50.00000075E-3,
,,,6.50399970E-3,0.0,
,,,6.51199976E-3,-50.00000075E-3,
,,,6.51999936E-3,-100.0000015E-3,
,,,6.52799942E-3,-150.00000596E-3,
,,,6.53599948E-3,-225.00000894E-3,
,,,6.54399954E-3,-275.00000596E-3,
,,,6.55199960E-3,-300.00001192E-3,
,,,6.55999966E-3,-375.00000000E-3,
,,,6.56799972E-3,-400.00000596E-3,
,,,6.57599978E-3,-450.000017881E-3,
,,,6.58399938E-3,-500.000000000E-3,
,,,6.59199944E-3,-525.000035763E-3,
,,,6.59999950E-3,-574.999988079E-3,
,,,6.60799956E-3,-625.000000000E-3,
,,,6.61599962E-3,-675.000011921E-3,
,,,6.62399968E-3,-675.000011921E-3,
,,,6.63199974E-3,-725.000023842E-3,
,,,6.63999980E-3,-750.000000000E-3,
,,,6.64799940E-3,-800.000011921E-3,
,,,6.65599946E-3,-824.999988079E-3,
,,,6.66399952E-3,-850.000023842E-3,
,,,6.67199958E-3,-850.000023842E-3,
,,,6.67999964E-3,-900.000035763E-3,
,,,6.68799970E-3,-900.000035763E-3,
,,,6.69599976E-3,-949.999988079E-3,
,,,6.70399936E-3,-949.999988079E-3,
,,,6.71199942E-3,-975.000023842E-3,
,,,6.71999948E-3,-975.000023842E-3,
,,,6.72799954E-3,-1.000000,
,,,6.73599960E-3,-1.000000,
,,,6.74399966E-3,-1.000000,
,,,6.75199972E-3,-975.000023842E-3,
,,,6.75999979E-3,-975.000023842E-3,
,,,6.76799938E-3,-1.000000,
,,,6.77599944E-3,-1.000000,
,,,6.78399950E-3,-949.999988079E-3,
,,,6.79199956E-3,-975.000023842E-3,
,,,6.79999962E-3,-925.000011921E-3,
,,,6.80799969E-3,-925.000011921E-3,
,,,6.81599975E-3,-900.000035763E-3,
,,,6.82399981E-3,-900.000035763E-3,
,,,6.83199940E-3,-850.000023842E-3,
,,,6.83999946E-3,-824.999988079E-3,
,,,6.84799952E-3,-800.000011921E-3,
,,,6.85599959E-3,-800.000011921E-3,
,,,6.86399965E-3,-775.000035763E-3,
,,,6.87199971E-3,-699.999988079E-3,
,,,6.87999977E-3,-675.000011921E-3,
,,,6.88799936E-3,-650.000035763E-3,
,,,6.89599942E-3,-574.999988079E-3,
,,,6.90399949E-3,-550.000011921E-3,
,,,6.91199955E-3,-525.000035763E-3,
,,,6.91999961E-3,-474.999994040E-3,
,,,6.92799967E-3,-425.000011921E-3,
,,,6.93599973E-3,-375.00000000E-3,
,,,6.94399979E-3,-349.99999404E-3,
,,,6.95199938E-3,-300.00001192E-3,
,,,6.95999945E-3,-225.00000894E-3,
,,,6.96799951E-3,-200.00000298E-3,
,,,6.97599957E-3,-100.0000015E-3,
,,,6.98399963E-3,-50.00000075E-3,
,,,6.99199969E-3,-25.00000037E-3,
,,,6.99999975E-3,0.0,
,,,7.00799981E-3,50.00000075E-3,
,,,7.01599941E-3,125.0000000E-3,
,,,7.02399947E-3,150.00000596E-3,
,,,7.03199953E-3,200.00000298E-3,
,,,7.03999959E-3,275.00000596E-3,
,,,7.04799965E-3,300.00001192E-3,
,,,7.05599971E-3,375.00000000E-3,
,,,7.06399977E-3,400.00000596E-3,
,,,7.07199937E-3,474.999994040E-3,
,,,7.07999943E-3,525.000035763E-3,
,,,7.08799949E-3,525.000035763E-3,
,,,7.09599955E-3,574.999988079E-3,
,,,7.10399961E-3,625.000000000E-3,
,,,7.11199967E-3,675.000011921E-3,
,,,7.11999973E-3,725.000023842E-3,
,,,7.12799979E-3,750.000000000E-3,
,,,7.13599939E-3,775.000035763E-3,
,,,7.14399945E-3,824.999988079E-3,
,,,7.15199951E-3,850.000023842E-3,
,,,7.15999957E-3,875.000000000E-3,
,,,7.16799963E-3,900.000035763E-3,
,,,7.17599969E-3,925.000011921E-3,
,,,7.18399975E-3,949.999988079E-3,
,,,7.19199935E-3,949.999988079E-3,
,,,7.19999941E-3,975.000023842E-3,
,,,7.20799947E-3,975.000023842E-3,
,,,7.21599953E-3,1.000000,
,,,7.22399959E-3,1.000000,
,,,7.23199965E-3,1.000000,
,,,7.23999972E-3,1.0250000,
,,,7.24799978E-3,1.0250000,
,,,7.25599937E-3,1.000000,
,,,7.26399943E-3,1.0250000,
,,,7.27199949E-3,1.000000,
,,,7.27999955E-3,1.0250000,
,,,7.28799962E-3,975.000023842E-3,
,,,7.29599968E-3,975.000023842E-3,
,,,7.30399974E-3,949.999988079E-3,
,,,7.31199980E-3,925.000011921E-3,
,,,7.31999939E-3,925.000011921E-3,
,,,7.32799945E-3,900.000035763E-3,
,,,7.33599951E-3,875.000000000E-3,
,,,7.34399958E-3,824.999988079E-3,
,,,7.35199964E-3,800.000011921E-3,
,,,7.35999970E-3,775.000035763E-3,
,,,7.36799976E-3,775.000035763E-3,
,,,7.37599935E-3,725.000023842E-3,
,,,7.38399941E-3,675.000011921E-3,
,,,7.391999476E-3,675.000011921E-3,
,,,7.399999537E-3,625.000000000E-3,
,,,7.407999597E-3,574.999988079E-3,
,,,7.415999658E-3,500.000000000E-3,
,,,7.423999719E-3,474.999994040E-3,
,,,7.431999780E-3,425.000011921E-3,
,,,7.439999375E-3,375.00000000E-3,
,,,7.447999436E-3,349.99999404E-3,
,,,7.455999497E-3,275.00000596E-3,
,,,7.463999558E-3,200.00000298E-3,
,,,7.471999619E-3,174.99999702E-3,
,,,7.479999680E-3,125.0000000E-3,
,,,7.487999741E-3,75.000002980E-3,
,,,7.495999802E-3,25.00000037E-3,
,,,7.503999397E-3,-25.00000037E-3,
,,,7.511999458E-3,-75.000002980E-3,
,,,7.519999519E-3,-125.0000000E-3,
,,,7.527999580E-3,-174.99999702E-3,
,,,7.535999641E-3,-225.00000894E-3,
,,,7.543999702E-3,-275.00000596E-3,
,,,7.551999763E-3,-300.00001192E-3,
,,,7.559999358E-3,-375.00000000E-3,
,,,7.567999419E-3,-425.000011921E-3,
,,,7.575999480E-3,-450.000017881E-3,
,,,7.583999541E-3,-500.000000000E-3,
,,,7.591999602E-3,-525.000035763E-3,
,,,7.599999662E-3,-574.999988079E-3,
,,,7.607999723E-3,-650.000035763E-3,
,,,7.615999784E-3,-650.000035763E-3,
,,,7.623999380E-3,-699.999988079E-3,
,,,7.631999440E-3,-725.000023842E-3,
,,,7.639999501E-3,-775.000035763E-3,
,,,7.647999562E-3,-824.999988079E-3,
,,,7.655999623E-3,-800.000011921E-3,
,,,7.663999684E-3,-850.000023842E-3,
,,,7.671999745E-3,-875.000000000E-3,
,,,7.679999806E-3,-900.000035763E-3,
,,,7.687999401E-3,-925.000011921E-3,
,,,7.695999462E-3,-949.999988079E-3,
,,,7.703999523E-3,-949.999988079E-3,
,,,7.711999584E-3,-975.000023842E-3,
,,,7.719999645E-3,-975.000023842E-3,
,,,7.727999706E-3,-975.000023842E-3,
,,,7.735999767E-3,-1.000000,
,,,7.743999362E-3,-1.000000,
,,,7.751999423E-3,-975.000023842E-3,
,,,7.759999484E-3,-975.000023842E-3,
,,,7.767999545E-3,-1.000000,
,,,7.775999606E-3,-975.000023842E-3,
,,,7.783999667E-3,-975.000023842E-3,
,,,7.791999727E-3,-949.999988079E-3,
,,,7.799999788E-3,-925.000011921E-3,
,,,7.807999384E-3,-925.000011921E-3,
,,,7.815999910E-3,-900.000035763E-3,
,,,7.823999971E-3,-900.000035763E-3,
,,,7.832000032E-3,-850.000023842E-3,
,,,7.839999162E-3,-824.999988079E-3,
,,,7.847999223E-3,-824.999988079E-3,
,,,7.855999283E-3,-750.000000000E-3,
,,,7.863999344E-3,-750.000000000E-3,
,,,7.871999405E-3,-699.999988079E-3,
,,,7.879999466E-3,-675.000011921E-3,
,,,7.887999527E-3,-625.000000000E-3,
,,,7.895999588E-3,-574.999988079E-3,
,,,7.903999649E-3,-550.000011921E-3,
,,,7.911999710E-3,-525.000035763E-3,
,,,7.919999771E-3,-450.000017881E-3,
,,,7.927999832E-3,-425.000011921E-3,
,,,7.935999893E-3,-375.00000000E-3,
,,,7.943999954E-3,-325.00001788E-3,
,,,7.952000014E-3,-275.00000596E-3,
,,,7.959999144E-3,-250.00000000E-3,
,,,7.967999205E-3,-174.99999702E-3,
,,,7.975999266E-3,-125.0000000E-3,
,,,7.983999327E-3,-75.000002980E-3,
,,,7.991999388E-3,-25.00000037E-3,
