Record Length,2000,Points,-32.00000152E-3,-975.000023842E-3,
Sample Interval,31.99999992E-6,s,-31.96800128E-3,-949.999988079E-3,
Trigger Point,1.0000001E3,Samples,-31.93600103E-3,-975.000023842E-3,
,,,-31.90400079E-3,-975.000023842E-3,
,,,-31.87200055E-3,-949.999988079E-3,
,,,-31.84000030E-3,-949.999988079E-3,
Source,CH1,,-31.80800006E-3,-975.000023842E-3,
Vertical Units,V,,-31.77599981E-3,-1.000000,
Vertical Scale,625.000009313E-3,,-31.74400330E-3,-1.000000,
Vertical Offset,0,,-31.71200305E-3,-975.000023842E-3,
Horizontal Units,s,,-31.68000281E-3,-975.000023842E-3,
Horizontal Scale,6.39999998E-3,,-31.64800256E-3,-975.000023842E-3,
Pt Fmt,Y,,-31.61600232E-3,-975.000023842E-3,
Yzero,0.0,,-31.58400208E-3,-949.999988079E-3,
,,,-31.55200183E-3,-975.000023842E-3,
,,,-31.52000159E-3,-949.999988079E-3,
Note,TBS2102 - 7:33:09 PM   3/11/2022,,-31.48800135E-3,-975.000023842E-3,
,,,-31.45600110E-3,-975.000023842E-3,
,,,-31.42400086E-3,-975.000023842E-3,
,,,-31.39200062E-3,-975.000023842E-3,
,,,-31.36000037E-3,-949.999988079E-3,
,,,-31.32800013E-3,-975.000023842E-3,
,,,-31.29599988E-3,-975.000023842E-3,
,,,-31.26400337E-3,-975.000023842E-3,
,,,-31.23200126E-3,-949.999988079E-3,
,,,-31.20000102E-3,-949.999988079E-3,
,,,-31.16800077E-3,-949.999988079E-3,
,,,-31.13600239E-3,-975.000023842E-3,
,,,-31.10400215E-3,-949.999988079E-3,
,,,-31.07200190E-3,-975.000023842E-3,
,,,-31.04000166E-3,-949.999988079E-3,
,,,-31.00800142E-3,-975.000023842E-3,
,,,-30.97600117E-3,-975.000023842E-3,
,,,-30.94400093E-3,-975.000023842E-3,
,,,-30.91200069E-3,-975.000023842E-3,
,,,-30.88000230E-3,-949.999988079E-3,
,,,-30.84800206E-3,-975.000023842E-3,
,,,-30.81600182E-3,-949.999988079E-3,
,,,-30.78400157E-3,-975.000023842E-3,
,,,-30.75200133E-3,-975.000023842E-3,
,,,-30.72000109E-3,-975.000023842E-3,
,,,-30.68800084E-3,-975.000023842E-3,
,,,-30.65600060E-3,-949.999988079E-3,
,,,-30.62400222E-3,-975.000023842E-3,
,,,-30.59200197E-3,-975.000023842E-3,
,,,-30.56000173E-3,-975.000023842E-3,
,,,-30.52800149E-3,-975.000023842E-3,
,,,-30.49600124E-3,-949.999988079E-3,
,,,-30.46400100E-3,-975.000023842E-3,
,,,-30.43200076E-3,-975.000023842E-3,
,,,-30.40000238E-3,-949.999988079E-3,
,,,-30.36800213E-3,-1.000000,
,,,-30.33600189E-3,-975.000023842E-3,
,,,-30.30400164E-3,-975.000023842E-3,
,,,-30.27200140E-3,-975.000023842E-3,
,,,-30.24000116E-3,-975.000023842E-3,
,,,-30.20800091E-3,-949.999988079E-3,
,,,-30.17600067E-3,-1.000000,
,,,-30.14400229E-3,-975.000023842E-3,
,,,-30.11200204E-3,-975.000023842E-3,
,,,-30.08000180E-3,-975.000023842E-3,
,,,-30.04800156E-3,-975.000023842E-3,
,,,-30.01600131E-3,-975.000023842E-3,
,,,-29.98400107E-3,1.000000,
,,,-29.95200083E-3,1.0250000,
,,,-29.92000245E-3,1.0250000,
,,,-29.88800220E-3,1.000000,
,,,-29.85600196E-3,1.000000,
,,,-29.82400171E-3,1.000000,
,,,-29.79200147E-3,1.0250000,
,,,-29.76000123E-3,975.000023842E-3,
,,,-29.72800098E-3,1.000000,
,,,-29.69600074E-3,1.000000,
,,,-29.66400236E-3,1.0250000,
,,,-29.63200212E-3,1.000000,
,,,-29.60000187E-3,1.000000,
,,,-29.56800163E-3,1.000000,
,,,-29.53600138E-3,1.000000,
,,,-29.50400114E-3,1.000000,
,,,-29.47200090E-3,1.000000,
,,,-29.44000065E-3,1.000000,
,,,-29.40800227E-3,1.0250000,
,,,-29.37600203E-3,1.000000,
,,,-29.34400178E-3,1.0250000,
,,,-29.31200154E-3,1.0250000,
,,,-29.28000130E-3,1.000000,
,,,-29.24800105E-3,1.000000,
,,,-29.21600081E-3,1.000000,
,,,-29.18400243E-3,1.0250000,
,,,-29.15200219E-3,1.0250000,
,,,-29.12000194E-3,1.000000,
,,,-29.08800170E-3,1.000000,
,,,-29.05600145E-3,1.000000,
,,,-29.02400121E-3,1.0250000,
,,,-28.99200097E-3,1.000000,
,,,-28.96000072E-3,1.0250000,
,,,-28.92800234E-3,1.0250000,
,,,-28.89600210E-3,1.000000,
,,,-28.86400186E-3,1.000000,
,,,-28.83200161E-3,1.000000,
,,,-28.80000137E-3,1.000000,
,,,-28.76800112E-3,1.000000,
,,,-28.73600088E-3,1.0250000,
,,,-28.70400064E-3,1.000000,
,,,-28.67200226E-3,1.000000,
,,,-28.64000201E-3,1.000000,
,,,-28.60800177E-3,1.000000,
,,,-28.57600152E-3,1.000000,
,,,-28.54400128E-3,1.0250000,
,,,-28.51200104E-3,1.0250000,
,,,-28.48000079E-3,1.000000,
,,,-28.44800241E-3,1.0250000,
,,,-28.41600217E-3,1.000000,
,,,-28.38400193E-3,1.0250000,
,,,-28.35200168E-3,1.0250000,
,,,-28.32000144E-3,1.000000,
,,,-28.28800119E-3,1.000000,
,,,-28.25600095E-3,1.000000,
,,,-28.22400071E-3,1.000000,
,,,-28.19200233E-3,1.0250000,
,,,-28.16000208E-3,1.0250000,
,,,-28.12800184E-3,1.000000,
,,,-28.09600160E-3,1.000000,
,,,-28.06400135E-3,1.000000,
,,,-28.03200111E-3,1.0250000,
,,,-28.00000086E-3,1.000000,
,,,-27.96800062E-3,1.000000,
,,,-27.93600224E-3,1.0250000,
,,,-27.90400200E-3,1.0250000,
,,,-27.87200175E-3,1.000000,
,,,-27.84000151E-3,1.0250000,
,,,-27.80800126E-3,1.000000,
,,,-27.77600102E-3,1.0250000,
,,,-27.74400078E-3,1.0250000,
,,,-27.71200240E-3,1.000000,
,,,-27.68000215E-3,1.000000,
,,,-27.64800191E-3,1.000000,
,,,-27.61600167E-3,1.000000,
,,,-27.58400142E-3,1.000000,
,,,-27.55200118E-3,1.0250000,
,,,-27.52000093E-3,1.000000,
,,,-27.48800069E-3,1.000000,
,,,-27.45600231E-3,1.0250000,
,,,-27.42400207E-3,1.000000,
,,,-27.39200182E-3,1.0250000,
,,,-27.36000158E-3,975.000023842E-3,
,,,-27.32800134E-3,1.0250000,
,,,-27.29600109E-3,1.000000,
,,,-27.26400085E-3,1.0250000,
,,,-27.23200060E-3,1.000000,
,,,-27.20000222E-3,1.0250000,
,,,-27.16800198E-3,1.000000,
,,,-27.13600174E-3,1.000000,
,,,-27.10400149E-3,1.000000,
,,,-27.07200125E-3,1.000000,
,,,-27.04000100E-3,1.0250000,
,,,-27.00800076E-3,1.000000,
,,,-26.97600238E-3,1.000000,
,,,-26.94400214E-3,1.0250000,
,,,-26.91200189E-3,1.0250000,
,,,-26.88000165E-3,1.000000,
,,,-26.84800141E-3,1.0250000,
,,,-26.81600116E-3,1.0250000,
,,,-26.78400092E-3,1.000000,
,,,-26.75200067E-3,1.0250000,
,,,-26.72000229E-3,1.000000,
,,,-26.68800205E-3,1.000000,
,,,-26.65600181E-3,1.000000,
,,,-26.62400156E-3,1.0250000,
,,,-26.59200132E-3,1.000000,
,,,-26.56000108E-3,1.0250000,
,,,-26.52800083E-3,1.000000,
,,,-26.49600245E-3,1.000000,
,,,-26.46400221E-3,1.000000,
,,,-26.43200196E-3,1.000000,
,,,-26.40000172E-3,1.000000,
,,,-26.36800148E-3,1.0250000,
,,,-26.33600123E-3,1.000000,
,,,-26.30400099E-3,1.0250000,
,,,-26.27200074E-3,1.000000,
,,,-26.24000236E-3,1.0250000,
,,,-26.20800212E-3,1.000000,
,,,-26.17600188E-3,1.0250000,
,,,-26.14400163E-3,1.0250000,
,,,-26.11200139E-3,1.000000,
,,,-26.08000115E-3,1.0250000,
,,,-26.04800090E-3,1.000000,
,,,-26.01600066E-3,1.0250000,
,,,-25.98400228E-3,1.0250000,
,,,-25.95200203E-3,1.000000,
,,,-25.92000179E-3,1.000000,
,,,-25.88800155E-3,1.000000,
,,,-25.85600130E-3,1.0250000,
,,,-25.82400106E-3,1.000000,
,,,-25.79200082E-3,1.000000,
,,,-25.76000243E-3,1.000000,
,,,-25.72800219E-3,1.000000,
,,,-25.69600195E-3,1.0250000,
,,,-25.66400170E-3,1.0250000,
,,,-25.63200146E-3,1.000000,
,,,-25.60000122E-3,1.000000,
,,,-25.56800097E-3,1.000000,
,,,-25.53600073E-3,1.0250000,
,,,-25.50400235E-3,1.000000,
,,,-25.47200210E-3,1.0250000,
,,,-25.44000186E-3,1.0250000,
,,,-25.40800162E-3,1.000000,
,,,-25.37600137E-3,1.000000,
,,,-25.34400113E-3,1.000000,
,,,-25.31200089E-3,1.000000,
,,,-25.28000064E-3,1.000000,
,,,-25.24800226E-3,1.000000,
,,,-25.21600202E-3,1.000000,
,,,-25.18400177E-3,1.0250000,
,,,-25.15200153E-3,1.000000,
,,,-25.12000129E-3,1.000000,
,,,-25.08800104E-3,1.000000,
,,,-25.05600080E-3,1.000000,
,,,-25.02400242E-3,1.0250000,
,,,-24.99200217E-3,-975.000023842E-3,
,,,-24.96000193E-3,-949.999988079E-3,
,,,-24.92800169E-3,-975.000023842E-3,
,,,-24.89600144E-3,-975.000023842E-3,
,,,-24.86400120E-3,-1.000000,
,,,-24.83200096E-3,-975.000023842E-3,
,,,-24.80000071E-3,-949.999988079E-3,
,,,-24.76800233E-3,-1.000000,
,,,-24.73600209E-3,-975.000023842E-3,
,,,-24.70400184E-3,-975.000023842E-3,
,,,-24.67200160E-3,-949.999988079E-3,
,,,-24.64000136E-3,-975.000023842E-3,
,,,-24.60800111E-3,-949.999988079E-3,
,,,-24.57600087E-3,-975.000023842E-3,
,,,-24.54400063E-3,-975.000023842E-3,
,,,-24.51200224E-3,-975.000023842E-3,
,,,-24.48000200E-3,-949.999988079E-3,
,,,-24.44800176E-3,-975.000023842E-3,
,,,-24.41600151E-3,-975.000023842E-3,
,,,-24.38400127E-3,-975.000023842E-3,
,,,-24.35200103E-3,-975.000023842E-3,
,,,-24.32000078E-3,-975.000023842E-3,
,,,-24.28800240E-3,-975.000023842E-3,
,,,-24.25600216E-3,-975.000023842E-3,
,,,-24.22400191E-3,-975.000023842E-3,
,,,-24.19200167E-3,-975.000023842E-3,
,,,-24.16000143E-3,-949.999988079E-3,
,,,-24.12800118E-3,-975.000023842E-3,
,,,-24.09600094E-3,-949.999988079E-3,
,,,-24.06400070E-3,-975.000023842E-3,
,,,-24.03200231E-3,-949.999988079E-3,
,,,-24.00000207E-3,-975.000023842E-3,
,,,-23.96800183E-3,-975.000023842E-3,
,,,-23.93600158E-3,-975.000023842E-3,
,,,-23.90400134E-3,-949.999988079E-3,
,,,-23.87200110E-3,-975.000023842E-3,
,,,-23.84000085E-3,-975.000023842E-3,
,,,-23.80800247E-3,-949.999988079E-3,
,,,-23.77600223E-3,-949.999988079E-3,
,,,-23.74400198E-3,-975.000023842E-3,
,,,-23.71200174E-3,-975.000023842E-3,
,,,-23.68000150E-3,-975.000023842E-3,
,,,-23.64800125E-3,-975.000023842E-3,
,,,-23.61600101E-3,-975.000023842E-3,
,,,-23.58400077E-3,-949.999988079E-3,
,,,-23.55200239E-3,-975.000023842E-3,
,,,-23.52000214E-3,-975.000023842E-3,
,,,-23.48800190E-3,-975.000023842E-3,
,,,-23.45600165E-3,-975.000023842E-3,
,,,-23.42400141E-3,-975.000023842E-3,
,,,-23.39200117E-3,-975.000023842E-3,
,,,-23.36000092E-3,-975.000023842E-3,
,,,-23.32800068E-3,-975.000023842E-3,
,,,-23.29600230E-3,-949.999988079E-3,
,,,-23.26400205E-3,-1.000000,
,,,-23.23200181E-3,-975.000023842E-3,
,,,-23.20000157E-3,-975.000023842E-3,
,,,-23.16800132E-3,-975.000023842E-3,
,,,-23.13600108E-3,-975.000023842E-3,
,,,-23.10400084E-3,-975.000023842E-3,
,,,-23.07200246E-3,-975.000023842E-3,
,,,-23.04000221E-3,-949.999988079E-3,
,,,-23.00800197E-3,-975.000023842E-3,
,,,-22.97600172E-3,-949.999988079E-3,
,,,-22.94400148E-3,-975.000023842E-3,
,,,-22.91200124E-3,-949.999988079E-3,
,,,-22.88000099E-3,-975.000023842E-3,
,,,-22.84800075E-3,-975.000023842E-3,
,,,-22.81600237E-3,-975.000023842E-3,
,,,-22.78400213E-3,-975.000023842E-3,
,,,-22.75200188E-3,-975.000023842E-3,
,,,-22.72000164E-3,-975.000023842E-3,
,,,-22.68800139E-3,-975.000023842E-3,
,,,-22.65600115E-3,-975.000023842E-3,
,,,-22.62400091E-3,-975.000023842E-3,
,,,-22.59200066E-3,-975.000023842E-3,
,,,-22.56000228E-3,-975.000023842E-3,
,,,-22.52800204E-3,-975.000023842E-3,
,,,-22.49600179E-3,-975.000023842E-3,
,,,-22.46400155E-3,-975.000023842E-3,
,,,-22.43200131E-3,-975.000023842E-3,
,,,-22.40000106E-3,-975.000023842E-3,
,,,-22.36800082E-3,-949.999988079E-3,
,,,-22.33600244E-3,-949.999988079E-3,
,,,-22.30400220E-3,-949.999988079E-3,
,,,-22.27200195E-3,-975.000023842E-3,
,,,-22.24000171E-3,-975.000023842E-3,
,,,-22.20800146E-3,-949.999988079E-3,
,,,-22.17600122E-3,-975.000023842E-3,
,,,-22.14400098E-3,-975.000023842E-3,
,,,-22.11200073E-3,-975.000023842E-3,
,,,-22.08000235E-3,-949.999988079E-3,
,,,-22.04800211E-3,-949.999988079E-3,
,,,-22.01600187E-3,-949.999988079E-3,
,,,-21.98400162E-3,-975.000023842E-3,
,,,-21.95200138E-3,-975.000023842E-3,
,,,-21.92000113E-3,-975.000023842E-3,
,,,-21.88800089E-3,-1.000000,
,,,-21.85600065E-3,-975.000023842E-3,
,,,-21.82400227E-3,-975.000023842E-3,
,,,-21.79200202E-3,-1.000000,
,,,-21.76000178E-3,-975.000023842E-3,
,,,-21.72800153E-3,-1.000000,
,,,-21.69600129E-3,-949.999988079E-3,
,,,-21.66400105E-3,-949.999988079E-3,
,,,-21.63200080E-3,-1.000000,
,,,-21.60000242E-3,-975.000023842E-3,
,,,-21.56800218E-3,-1.000000,
,,,-21.53600194E-3,-975.000023842E-3,
,,,-21.50400169E-3,-975.000023842E-3,
,,,-21.47200145E-3,-975.000023842E-3,
,,,-21.44000120E-3,-975.000023842E-3,
,,,-21.40800096E-3,-949.999988079E-3,
,,,-21.37600072E-3,-975.000023842E-3,
,,,-21.34400234E-3,-975.000023842E-3,
,,,-21.31200209E-3,-975.000023842E-3,
,,,-21.28000185E-3,-975.000023842E-3,
,,,-21.24800161E-3,-975.000023842E-3,
,,,-21.21600136E-3,-975.000023842E-3,
,,,-21.18400112E-3,-949.999988079E-3,
,,,-21.15200087E-3,-1.000000,
,,,-21.12000063E-3,-949.999988079E-3,
,,,-21.08800225E-3,-975.000023842E-3,
,,,-21.05600201E-3,-975.000023842E-3,
,,,-21.02400176E-3,-975.000023842E-3,
,,,-20.99200152E-3,-975.000023842E-3,
,,,-20.96000127E-3,-1.000000,
,,,-20.92800103E-3,-949.999988079E-3,
,,,-20.89600079E-3,-975.000023842E-3,
,,,-20.86400241E-3,-949.999988079E-3,
,,,-20.83200216E-3,-975.000023842E-3,
,,,-20.80000192E-3,-975.000023842E-3,
,,,-20.76800168E-3,-975.000023842E-3,
,,,-20.73600143E-3,-975.000023842E-3,
,,,-20.70400119E-3,-975.000023842E-3,
,,,-20.67200094E-3,-949.999988079E-3,
,,,-20.64000070E-3,-975.000023842E-3,
,,,-20.60800232E-3,-1.000000,
,,,-20.57600208E-3,-975.000023842E-3,
,,,-20.54400183E-3,-975.000023842E-3,
,,,-20.51200159E-3,-949.999988079E-3,
,,,-20.48000135E-3,-975.000023842E-3,
,,,-20.44800110E-3,-949.999988079E-3,
,,,-20.41600086E-3,-949.999988079E-3,
,,,-20.38400248E-3,-975.000023842E-3,
,,,-20.35200223E-3,-975.000023842E-3,
,,,-20.32000199E-3,-1.000000,
,,,-20.28800175E-3,-975.000023842E-3,
,,,-20.25600150E-3,-949.999988079E-3,
,,,-20.22400126E-3,-975.000023842E-3,
,,,-20.19200101E-3,-975.000023842E-3,
,,,-20.16000077E-3,-975.000023842E-3,
,,,-20.12800239E-3,-975.000023842E-3,
,,,-20.09600215E-3,-975.000023842E-3,
,,,-20.0640019E-3,-949.999988079E-3,
,,,-20.0320017E-3,-975.000023842E-3,
,,,-20.0000014E-3,1.000000,
,,,-19.9680012E-3,1.0250000,
,,,-19.9360009E-3,1.0250000,
,,,-19.9040007E-3,1.0250000,
,,,-19.8720023E-3,1.0250000,
,,,-19.8400021E-3,1.0250000,
,,,-19.8080018E-3,1.000000,
,,,-19.7760016E-3,1.000000,
,,,-19.7440013E-3,1.000000,
,,,-19.7120011E-3,1.000000,
,,,-19.6800008E-3,1.0250000,
,,,-19.6480025E-3,1.0250000,
,,,-19.6160022E-3,1.000000,
,,,-19.5840020E-3,1.0250000,
,,,-19.5520017E-3,1.000000,
,,,-19.5200015E-3,1.000000,
,,,-19.4880012E-3,1.0250000,
,,,-19.4560010E-3,1.000000,
,,,-19.4240008E-3,1.000000,
,,,-19.3920024E-3,1.000000,
,,,-19.3600021E-3,1.000000,
,,,-19.3280019E-3,1.0250000,
,,,-19.2960016E-3,1.0250000,
,,,-19.2640014E-3,1.000000,
,,,-19.2320012E-3,1.000000,
,,,-19.2000009E-3,1.0250000,
,,,-19.1680007E-3,1.000000,
,,,-19.1360023E-3,1.000000,
,,,-19.1040020E-3,1.000000,
,,,-19.0720018E-3,975.000023842E-3,
,,,-19.0400016E-3,1.0250000,
,,,-19.0080013E-3,1.000000,
,,,-18.9760011E-3,1.000000,
,,,-18.9440008E-3,1.000000,
,,,-18.9120024E-3,1.0250000,
,,,-18.8800022E-3,1.0250000,
,,,-18.8480020E-3,1.000000,
,,,-18.8160017E-3,1.000000,
,,,-18.7840015E-3,1.000000,
,,,-18.7520012E-3,1.000000,
,,,-18.7200010E-3,1.000000,
,,,-18.6880007E-3,1.000000,
,,,-18.6560024E-3,1.0250000,
,,,-18.6240021E-3,1.000000,
,,,-18.5920019E-3,1.000000,
,,,-18.5600016E-3,1.000000,
,,,-18.5280014E-3,1.0250000,
,,,-18.4960011E-3,1.000000,
,,,-18.4640009E-3,1.000000,
,,,-18.4320007E-3,1.0250000,
,,,-18.4000023E-3,1.000000,
,,,-18.3680020E-3,1.0250000,
,,,-18.3360018E-3,1.000000,
,,,-18.3040015E-3,1.0250000,
,,,-18.2720013E-3,1.0250000,
,,,-18.2400011E-3,1.000000,
,,,-18.2080008E-3,1.000000,
,,,-18.1760024E-3,1.000000,
,,,-18.1440022E-3,1.000000,
,,,-18.1120019E-3,1.000000,
,,,-18.0800017E-3,1.000000,
,,,-18.0480015E-3,1.0250000,
,,,-18.0160012E-3,1.000000,
,,,-17.9840010E-3,1.000000,
,,,-17.9520007E-3,1.0250000,
,,,-17.9200023E-3,1.0500001,
,,,-17.8880021E-3,1.000000,
,,,-17.8560019E-3,1.0250000,
,,,-17.8240016E-3,1.000000,
,,,-17.7920014E-3,1.0250000,
,,,-17.7600011E-3,1.0250000,
,,,-17.7280009E-3,1.000000,
,,,-17.6960006E-3,1.0250000,
,,,-17.6640023E-3,1.0250000,
,,,-17.6320020E-3,1.000000,
,,,-17.6000018E-3,1.000000,
,,,-17.5680015E-3,1.0250000,
,,,-17.5360013E-3,1.0250000,
,,,-17.5040010E-3,1.000000,
,,,-17.4720008E-3,1.0250000,
,,,-17.4400024E-3,1.000000,
,,,-17.4080022E-3,1.000000,
,,,-17.3760019E-3,1.000000,
,,,-17.3440017E-3,1.000000,
,,,-17.3120014E-3,1.000000,
,,,-17.2800012E-3,1.0250000,
,,,-17.2480009E-3,1.000000,
,,,-17.2160007E-3,1.0250000,
,,,-17.1840023E-3,1.000000,
,,,-17.1520021E-3,1.0250000,
,,,-17.1200018E-3,1.000000,
,,,-17.0880016E-3,1.0250000,
,,,-17.0560014E-3,1.000000,
,,,-17.0240011E-3,1.000000,
,,,-16.9920009E-3,1.000000,
,,,-16.9600025E-3,1.000000,
,,,-16.9280022E-3,1.000000,
,,,-16.8960020E-3,1.000000,
,,,-16.8640018E-3,1.0250000,
,,,-16.8320015E-3,1.000000,
,,,-16.8000013E-3,1.000000,
,,,-16.7680010E-3,1.000000,
,,,-16.7360008E-3,1.000000,
,,,-16.7040024E-3,1.0250000,
,,,-16.6720022E-3,1.000000,
,,,-16.6400019E-3,1.000000,
,,,-16.6080017E-3,1.000000,
,,,-16.5760014E-3,1.000000,
,,,-16.5440012E-3,1.0250000,
,,,-16.5120009E-3,1.000000,
,,,-16.4800007E-3,1.0250000,
,,,-16.4480023E-3,1.000000,
,,,-16.4160021E-3,1.0250000,
,,,-16.3840018E-3,1.000000,
,,,-16.3520016E-3,1.000000,
,,,-16.3200013E-3,1.0250000,
,,,-16.2880011E-3,1.0250000,
,,,-16.2560008E-3,1.000000,
,,,-16.2240025E-3,1.000000,
,,,-16.1920022E-3,1.000000,
,,,-16.1600020E-3,1.000000,
,,,-16.1280017E-3,1.000000,
,,,-16.0960015E-3,1.000000,
,,,-16.0640012E-3,1.000000,
,,,-16.0320010E-3,1.000000,
,,,-16.0000008E-3,1.0250000,
,,,-15.9680024E-3,1.0250000,
,,,-15.9360021E-3,1.000000,
,,,-15.9040019E-3,1.000000,
,,,-15.8720016E-3,1.0250000,
,,,-15.8400014E-3,1.000000,
,,,-15.8080012E-3,1.0250000,
,,,-15.7760009E-3,1.000000,
,,,-15.7440007E-3,1.000000,
,,,-15.7120023E-3,1.0250000,
,,,-15.6800020E-3,1.000000,
,,,-15.6480018E-3,1.0250000,
,,,-15.6160016E-3,1.000000,
,,,-15.5840013E-3,1.000000,
,,,-15.5520020E-3,1.000000,
,,,-15.5200018E-3,1.000000,
,,,-15.4880015E-3,1.0250000,
,,,-15.4560013E-3,1.0250000,
,,,-15.4240020E-3,1.000000,
,,,-15.3920017E-3,1.000000,
,,,-15.3600015E-3,1.0250000,
,,,-15.3280012E-3,1.000000,
,,,-15.2960019E-3,1.000000,
,,,-15.2640017E-3,1.0250000,
,,,-15.2320014E-3,1.000000,
,,,-15.2000012E-3,1.000000,
,,,-15.1680019E-3,1.000000,
,,,-15.1360016E-3,1.0250000,
,,,-15.1040014E-3,975.000023842E-3,
,,,-15.0720011E-3,1.000000,
,,,-15.0400018E-3,1.0250000,
,,,-15.0080016E-3,-949.999988079E-3,
,,,-14.9760013E-3,-949.999988079E-3,
,,,-14.9440011E-3,-975.000023842E-3,
,,,-14.9120018E-3,-975.000023842E-3,
,,,-14.8800015E-3,-949.999988079E-3,
,,,-14.8480013E-3,-949.999988079E-3,
,,,-14.8160020E-3,-975.000023842E-3,
,,,-14.7840017E-3,-949.999988079E-3,
,,,-14.7520015E-3,-975.000023842E-3,
,,,-14.7200013E-3,-975.000023842E-3,
,,,-14.6880019E-3,-949.999988079E-3,
,,,-14.6560017E-3,-975.000023842E-3,
,,,-14.6240015E-3,-975.000023842E-3,
,,,-14.5920012E-3,-949.999988079E-3,
,,,-14.5600019E-3,-975.000023842E-3,
,,,-14.5280017E-3,-949.999988079E-3,
,,,-14.4960014E-3,-975.000023842E-3,
,,,-14.4640012E-3,-975.000023842E-3,
,,,-14.4320019E-3,-975.000023842E-3,
,,,-14.4000016E-3,-975.000023842E-3,
,,,-14.3680014E-3,-975.000023842E-3,
,,,-14.3360011E-3,-975.000023842E-3,
,,,-14.3040018E-3,-975.000023842E-3,
,,,-14.2720016E-3,-975.000023842E-3,
,,,-14.2400013E-3,-975.000023842E-3,
,,,-14.2080020E-3,-949.999988079E-3,
,,,-14.1760018E-3,-975.000023842E-3,
,,,-14.1440015E-3,-975.000023842E-3,
,,,-14.1120013E-3,-975.000023842E-3,
,,,-14.0800020E-3,-949.999988079E-3,
,,,-14.0480017E-3,-975.000023842E-3,
,,,-14.0160015E-3,-949.999988079E-3,
,,,-13.9840012E-3,-949.999988079E-3,
,,,-13.9520019E-3,-975.000023842E-3,
,,,-13.9200017E-3,-1.000000,
,,,-13.8880014E-3,-1.000000,
,,,-13.8560012E-3,-975.000023842E-3,
,,,-13.8240019E-3,-949.999988079E-3,
,,,-13.7920016E-3,-975.000023842E-3,
,,,-13.7600014E-3,-975.000023842E-3,
,,,-13.7280012E-3,-975.000023842E-3,
,,,-13.6960018E-3,-949.999988079E-3,
,,,-13.6640016E-3,-949.999988079E-3,
,,,-13.6320014E-3,-975.000023842E-3,
,,,-13.6000011E-3,-975.000023842E-3,
,,,-13.5680018E-3,-975.000023842E-3,
,,,-13.5360016E-3,-975.000023842E-3,
,,,-13.5040013E-3,-975.000023842E-3,
,,,-13.4720020E-3,-975.000023842E-3,
,,,-13.4400018E-3,-975.000023842E-3,
,,,-13.4080015E-3,-975.000023842E-3,
,,,-13.3760013E-3,-975.000023842E-3,
,,,-13.3440020E-3,-975.000023842E-3,
,,,-13.3120017E-3,-975.000023842E-3,
,,,-13.2800015E-3,-949.999988079E-3,
,,,-13.2480012E-3,-949.999988079E-3,
,,,-13.2160019E-3,-975.000023842E-3,
,,,-13.1840017E-3,-975.000023842E-3,
,,,-13.1520014E-3,-975.000023842E-3,
,,,-13.1200012E-3,-975.000023842E-3,
,,,-13.0880019E-3,-975.000023842E-3,
,,,-13.0560016E-3,-1.000000,
,,,-13.0240014E-3,-949.999988079E-3,
,,,-12.9920011E-3,-975.000023842E-3,
,,,-12.9600018E-3,-975.000023842E-3,
,,,-12.9280016E-3,-949.999988079E-3,
,,,-12.8960013E-3,-975.000023842E-3,
,,,-12.8640020E-3,-975.000023842E-3,
,,,-12.8320018E-3,-975.000023842E-3,
,,,-12.8000015E-3,-975.000023842E-3,
,,,-12.7680013E-3,-975.000023842E-3,
,,,-12.7360020E-3,-975.000023842E-3,
,,,-12.7040017E-3,-975.000023842E-3,
,,,-12.6720015E-3,-975.000023842E-3,
,,,-12.6400013E-3,-975.000023842E-3,
,,,-12.6080019E-3,-975.000023842E-3,
,,,-12.5760017E-3,-1.000000,
,,,-12.5440015E-3,-975.000023842E-3,
,,,-12.5120012E-3,-949.999988079E-3,
,,,-12.4800019E-3,-975.000023842E-3,
,,,-12.4480017E-3,-949.999988079E-3,
,,,-12.4160014E-3,-975.000023842E-3,
,,,-12.3840012E-3,-975.000023842E-3,
,,,-12.3520019E-3,-975.000023842E-3,
,,,-12.3200016E-3,-975.000023842E-3,
,,,-12.2880014E-3,-975.000023842E-3,
,,,-12.2560011E-3,-975.000023842E-3,
,,,-12.2240018E-3,-975.000023842E-3,
,,,-12.1920016E-3,-949.999988079E-3,
,,,-12.1600013E-3,-975.000023842E-3,
,,,-12.1280020E-3,-975.000023842E-3,
,,,-12.0960018E-3,-975.000023842E-3,
,,,-12.0640015E-3,-975.000023842E-3,
,,,-12.0320013E-3,-975.000023842E-3,
,,,-12.0000020E-3,-975.000023842E-3,
,,,-11.9680017E-3,-949.999988079E-3,
,,,-11.9360015E-3,-975.000023842E-3,
,,,-11.9040012E-3,-949.999988079E-3,
,,,-11.8720019E-3,-975.000023842E-3,
,,,-11.8400017E-3,-949.999988079E-3,
,,,-11.8080014E-3,-975.000023842E-3,
,,,-11.7760012E-3,-975.000023842E-3,
,,,-11.7440019E-3,-949.999988079E-3,
,,,-11.7120016E-3,-975.000023842E-3,
,,,-11.6800014E-3,-975.000023842E-3,
,,,-11.6480011E-3,-1.000000,
,,,-11.6160018E-3,-975.000023842E-3,
,,,-11.5840016E-3,-975.000023842E-3,
,,,-11.5520013E-3,-975.000023842E-3,
,,,-11.5200020E-3,-975.000023842E-3,
,,,-11.4880018E-3,-975.000023842E-3,
,,,-11.4560015E-3,-949.999988079E-3,
,,,-11.4240013E-3,-975.000023842E-3,
,,,-11.3920020E-3,-975.000023842E-3,
,,,-11.3600018E-3,-975.000023842E-3,
,,,-11.3280015E-3,-949.999988079E-3,
,,,-11.2960013E-3,-949.999988079E-3,
,,,-11.2640020E-3,-975.000023842E-3,
,,,-11.2320017E-3,-949.999988079E-3,
,,,-11.2000015E-3,-949.999988079E-3,
,,,-11.1680012E-3,-975.000023842E-3,
,,,-11.1360019E-3,-949.999988079E-3,
,,,-11.1040017E-3,-975.000023842E-3,
,,,-11.0720014E-3,-949.999988079E-3,
,,,-11.0400012E-3,-975.000023842E-3,
,,,-11.0080019E-3,-975.000023842E-3,
,,,-10.9760016E-3,-975.000023842E-3,
,,,-10.9440014E-3,-975.000023842E-3,
,,,-10.9120011E-3,-975.000023842E-3,
,,,-10.8800018E-3,-975.000023842E-3,
,,,-10.8480016E-3,-975.000023842E-3,
,,,-10.8160013E-3,-975.000023842E-3,
,,,-10.7840020E-3,-949.999988079E-3,
,,,-10.7520018E-3,-975.000023842E-3,
,,,-10.7200015E-3,-975.000023842E-3,
,,,-10.6880013E-3,-975.000023842E-3,
,,,-10.6560020E-3,-949.999988079E-3,
,,,-10.6240017E-3,-949.999988079E-3,
,,,-10.5920015E-3,-949.999988079E-3,
,,,-10.5600012E-3,-1.000000,
,,,-10.5280019E-3,-975.000023842E-3,
,,,-10.4960017E-3,-975.000023842E-3,
,,,-10.4640014E-3,-975.000023842E-3,
,,,-10.4320012E-3,-975.000023842E-3,
,,,-10.4000019E-3,-975.000023842E-3,
,,,-10.3680016E-3,-975.000023842E-3,
,,,-10.3360014E-3,-975.000023842E-3,
,,,-10.3040012E-3,-975.000023842E-3,
,,,-10.2720018E-3,-975.000023842E-3,
,,,-10.2400016E-3,-975.000023842E-3,
,,,-10.2080014E-3,-975.000023842E-3,
,,,-10.1760011E-3,-975.000023842E-3,
,,,-10.1440018E-3,-949.999988079E-3,
,,,-10.1120016E-3,-975.000023842E-3,
,,,-10.0800013E-3,-975.000023842E-3,
,,,-10.0480020E-3,-975.000023842E-3,
,,,-10.0160018E-3,-975.000023842E-3,
,,,-9.984001517E-3,1.000000,
,,,-9.952001274E-3,1.0250000,
,,,-9.920001961E-3,1.000000,
,,,-9.888001718E-3,1.0250000,
,,,-9.856001474E-3,1.0250000,
,,,-9.824001230E-3,1.0250000,
,,,-9.792001918E-3,1.000000,
,,,-9.760001674E-3,1.000000,
,,,-9.728001431E-3,1.0250000,
,,,-9.696001187E-3,1.0250000,
,,,-9.664001875E-3,1.0250000,
,,,-9.632001631E-3,1.000000,
,,,-9.600001387E-3,1.000000,
,,,-9.568001144E-3,1.0250000,
,,,-9.536001831E-3,1.0250000,
,,,-9.504001588E-3,1.0250000,
,,,-9.472001344E-3,1.000000,
,,,-9.440002032E-3,1.000000,
,,,-9.408001788E-3,1.000000,
,,,-9.376001544E-3,1.000000,
,,,-9.344001301E-3,1.0250000,
,,,-9.312001988E-3,1.000000,
,,,-9.280001745E-3,1.000000,
,,,-9.248001501E-3,1.0250000,
,,,-9.216001257E-3,1.000000,
,,,-9.184001945E-3,1.0250000,
,,,-9.152001701E-3,1.0250000,
,,,-9.120001458E-3,1.000000,
,,,-9.088001214E-3,1.000000,
,,,-9.056001902E-3,1.000000,
,,,-9.024001658E-3,1.000000,
,,,-8.992001414E-3,1.000000,
,,,-8.960001171E-3,1.000000,
,,,-8.928001858E-3,1.000000,
,,,-8.896001615E-3,1.000000,
,,,-8.864001371E-3,1.000000,
,,,-8.832001127E-3,1.000000,
,,,-8.800001815E-3,1.000000,
,,,-8.768001571E-3,1.000000,
,,,-8.736001328E-3,1.000000,
,,,-8.704002015E-3,1.000000,
,,,-8.672001772E-3,1.000000,
,,,-8.640001528E-3,1.000000,
,,,-8.608001284E-3,1.000000,
,,,-8.576001972E-3,1.000000,
,,,-8.544001728E-3,1.000000,
,,,-8.512001485E-3,1.0250000,
,,,-8.480001241E-3,1.000000,
,,,-8.448001929E-3,1.000000,
,,,-8.416001685E-3,1.000000,
,,,-8.384001441E-3,1.000000,
,,,-8.352001198E-3,1.000000,
,,,-8.320001885E-3,1.0250000,
,,,-8.288001642E-3,1.0250000,
,,,-8.256001398E-3,1.000000,
,,,-8.224001154E-3,1.000000,
,,,-8.192001842E-3,1.0250000,
,,,-8.160001598E-3,1.0250000,
,,,-8.128001355E-3,1.000000,
,,,-8.096002042E-3,1.0250000,
,,,-8.064001799E-3,1.0250000,
,,,-8.032001555E-3,1.000000,
,,,-8.000001311E-3,1.0250000,
,,,-7.968001999E-3,1.000000,
,,,-7.936001755E-3,1.0250000,
,,,-7.904001512E-3,1.000000,
,,,-7.872001268E-3,1.0250000,
,,,-7.840001956E-3,1.0250000,
,,,-7.808001712E-3,1.0250000,
,,,-7.776001468E-3,1.0250000,
,,,-7.744001690E-3,1.0250000,
,,,-7.712001447E-3,1.0250000,
,,,-7.680001669E-3,1.0250000,
,,,-7.648001425E-3,1.0250000,
,,,-7.616001647E-3,1.000000,
,,,-7.584001403E-3,1.0250000,
,,,-7.552001625E-3,1.0250000,
,,,-7.520001382E-3,1.000000,
,,,-7.488001604E-3,1.0250000,
,,,-7.456001360E-3,1.000000,
,,,-7.424001582E-3,1.000000,
,,,-7.392001804E-3,1.0250000,
,,,-7.36000156E-3,1.0250000,
,,,-7.32800178E-3,1.000000,
,,,-7.29600154E-3,1.000000,
,,,-7.26400176E-3,1.0250000,
,,,-7.23200152E-3,1.000000,
,,,-7.20000174E-3,1.000000,
,,,-7.16800150E-3,1.0250000,
,,,-7.13600172E-3,1.000000,
,,,-7.10400147E-3,1.000000,
,,,-7.07200170E-3,1.0250000,
,,,-7.04000145E-3,1.000000,
,,,-7.00800167E-3,1.000000,
,,,-6.97600143E-3,1.000000,
,,,-6.94400165E-3,1.000000,
,,,-6.91200141E-3,975.000023842E-3,
,,,-6.88000163E-3,1.000000,
,,,-6.84800139E-3,1.0250000,
,,,-6.81600161E-3,1.0250000,
,,,-6.78400137E-3,1.000000,
,,,-6.75200159E-3,1.000000,
,,,-6.72000181E-3,1.000000,
,,,-6.68800157E-3,1.0250000,
,,,-6.65600179E-3,1.000000,
,,,-6.62400154E-3,975.000023842E-3,
,,,-6.59200177E-3,1.000000,
,,,-6.56000152E-3,1.000000,
,,,-6.52800174E-3,1.0250000,
,,,-6.49600150E-3,1.000000,
,,,-6.46400172E-3,1.000000,
,,,-6.43200148E-3,1.000000,
,,,-6.40000170E-3,1.000000,
,,,-6.36800146E-3,1.000000,
,,,-6.33600168E-3,1.000000,
,,,-6.30400144E-3,1.0250000,
,,,-6.27200166E-3,1.0250000,
,,,-6.24000141E-3,1.0250000,
,,,-6.20800164E-3,1.000000,
,,,-6.17600139E-3,1.000000,
,,,-6.14400161E-3,1.0250000,
,,,-6.11200137E-3,1.000000,
,,,-6.08000159E-3,1.0250000,
,,,-6.04800181E-3,1.0250000,
,,,-6.01600157E-3,975.000023842E-3,
,,,-5.98400179E-3,1.000000,
,,,-5.95200155E-3,1.000000,
,,,-5.92000177E-3,1.0250000,
,,,-5.88800153E-3,1.000000,
,,,-5.85600175E-3,1.000000,
,,,-5.82400151E-3,1.000000,
,,,-5.79200173E-3,1.000000,
,,,-5.76000148E-3,1.000000,
,,,-5.72800171E-3,1.000000,
,,,-5.69600146E-3,1.000000,
,,,-5.66400168E-3,975.000023842E-3,
,,,-5.63200144E-3,1.0250000,
,,,-5.60000166E-3,1.0250000,
,,,-5.56800142E-3,1.000000,
,,,-5.53600164E-3,1.000000,
,,,-5.50400140E-3,1.0250000,
,,,-5.47200162E-3,1.0250000,
,,,-5.44000138E-3,975.000023842E-3,
,,,-5.40800160E-3,1.0250000,
,,,-5.37600182E-3,1.000000,
,,,-5.34400158E-3,1.000000,
,,,-5.31200180E-3,1.000000,
,,,-5.28000155E-3,1.0250000,
,,,-5.24800178E-3,1.000000,
,,,-5.21600153E-3,1.000000,
,,,-5.18400175E-3,1.0250000,
,,,-5.15200151E-3,1.000000,
,,,-5.12000173E-3,1.000000,
,,,-5.08800149E-3,1.000000,
,,,-5.05600171E-3,1.0250000,
,,,-5.02400147E-3,1.000000,
,,,-4.99200169E-3,-975.000023842E-3,
,,,-4.96000145E-3,-975.000023842E-3,
,,,-4.92800167E-3,-1.000000,
,,,-4.89600142E-3,-975.000023842E-3,
,,,-4.86400165E-3,-975.000023842E-3,
,,,-4.83200140E-3,-975.000023842E-3,
,,,-4.80000162E-3,-975.000023842E-3,
,,,-4.76800138E-3,-1.000000,
,,,-4.73600160E-3,-975.000023842E-3,
,,,-4.70400136E-3,-949.999988079E-3,
,,,-4.67200158E-3,-949.999988079E-3,
,,,-4.64000180E-3,-949.999988079E-3,
,,,-4.60800156E-3,-975.000023842E-3,
,,,-4.57600178E-3,-975.000023842E-3,
,,,-4.54400154E-3,-975.000023842E-3,
,,,-4.51200176E-3,-975.000023842E-3,
,,,-4.48000152E-3,-975.000023842E-3,
,,,-4.44800174E-3,-975.000023842E-3,
,,,-4.41600149E-3,-975.000023842E-3,
,,,-4.38400172E-3,-975.000023842E-3,
,,,-4.35200147E-3,-975.000023842E-3,
,,,-4.32000170E-3,-975.000023842E-3,
,,,-4.28800145E-3,-1.000000,
,,,-4.25600167E-3,-1.000000,
,,,-4.22400143E-3,-975.000023842E-3,
,,,-4.19200165E-3,-975.000023842E-3,
,,,-4.16000141E-3,-975.000023842E-3,
,,,-4.12800163E-3,-975.000023842E-3,
,,,-4.09600139E-3,-975.000023842E-3,
,,,-4.06400161E-3,-975.000023842E-3,
,,,-4.03200136E-3,-975.000023842E-3,
,,,-4.00000159E-3,-949.999988079E-3,
,,,-3.96800181E-3,-975.000023842E-3,
,,,-3.93600157E-3,-949.999988079E-3,
,,,-3.90400155E-3,-975.000023842E-3,
,,,-3.87200154E-3,-975.000023842E-3,
,,,-3.84000153E-3,-975.000023842E-3,
,,,-3.80800152E-3,-975.000023842E-3,
,,,-3.77600151E-3,-975.000023842E-3,
,,,-3.74400150E-3,-949.999988079E-3,
,,,-3.71200149E-3,-949.999988079E-3,
,,,-3.68000148E-3,-949.999988079E-3,
,,,-3.64800170E-3,-949.999988079E-3,
,,,-3.61600169E-3,-975.000023842E-3,
,,,-3.58400168E-3,-975.000023842E-3,
,,,-3.55200167E-3,-975.000023842E-3,
,,,-3.52000166E-3,-949.999988079E-3,
,,,-3.48800165E-3,-1.000000,
,,,-3.45600164E-3,-975.000023842E-3,
,,,-3.42400162E-3,-975.000023842E-3,
,,,-3.39200161E-3,-975.000023842E-3,
,,,-3.36000160E-3,-975.000023842E-3,
,,,-3.32800159E-3,-975.000023842E-3,
,,,-3.29600158E-3,-975.000023842E-3,
,,,-3.26400157E-3,-975.000023842E-3,
,,,-3.23200156E-3,-975.000023842E-3,
,,,-3.20000155E-3,-975.000023842E-3,
,,,-3.16800154E-3,-975.000023842E-3,
,,,-3.13600153E-3,-975.000023842E-3,
,,,-3.10400152E-3,-975.000023842E-3,
,,,-3.07200151E-3,-949.999988079E-3,
,,,-3.04000149E-3,-975.000023842E-3,
,,,-3.00800148E-3,-975.000023842E-3,
,,,-2.97600171E-3,-1.000000,
,,,-2.94400170E-3,-975.000023842E-3,
,,,-2.91200168E-3,-949.999988079E-3,
,,,-2.88000167E-3,-949.999988079E-3,
,,,-2.84800166E-3,-975.000023842E-3,
,,,-2.81600165E-3,-949.999988079E-3,
,,,-2.78400164E-3,-975.000023842E-3,
,,,-2.75200163E-3,-975.000023842E-3,
,,,-2.72000162E-3,-975.000023842E-3,
,,,-2.6880016E-3,-975.000023842E-3,
,,,-2.6560016E-3,-975.000023842E-3,
,,,-2.6240016E-3,-975.000023842E-3,
,,,-2.5920016E-3,-975.000023842E-3,
,,,-2.5600016E-3,-1.000000,
,,,-2.5280016E-3,-1.000000,
,,,-2.4960015E-3,-975.000023842E-3,
,,,-2.4640015E-3,-949.999988079E-3,
,,,-2.4320015E-3,-975.000023842E-3,
,,,-2.4000015E-3,-975.000023842E-3,
,,,-2.3680015E-3,-975.000023842E-3,
,,,-2.3360015E-3,-949.999988079E-3,
,,,-2.3040017E-3,-949.999988079E-3,
,,,-2.2720017E-3,-975.000023842E-3,
,,,-2.2400017E-3,-975.000023842E-3,
,,,-2.2080017E-3,-975.000023842E-3,
,,,-2.1760017E-3,-949.999988079E-3,
,,,-2.1440017E-3,-975.000023842E-3,
,,,-2.1120016E-3,-975.000023842E-3,
,,,-2.0800016E-3,-975.000023842E-3,
,,,-2.0480016E-3,-975.000023842E-3,
,,,-2.0160016E-3,-975.000023842E-3,
,,,-1.9840016E-3,-975.000023842E-3,
,,,-1.9520016E-3,-1.000000,
,,,-1.9200016E-3,-949.999988079E-3,
,,,-1.8880016E-3,-949.999988079E-3,
,,,-1.8560016E-3,-975.000023842E-3,
,,,-1.8240015E-3,-975.000023842E-3,
,,,-1.7920015E-3,-949.999988079E-3,
,,,-1.7600016E-3,-975.000023842E-3,
,,,-1.7280016E-3,-975.000023842E-3,
,,,-1.6960016E-3,-975.000023842E-3,
,,,-1.6640016E-3,-949.999988079E-3,
,,,-1.6320016E-3,-975.000023842E-3,
,,,-1.6000016E-3,-975.000023842E-3,
,,,-1.5680016E-3,-975.000023842E-3,
,,,-1.5360016E-3,-975.000023842E-3,
,,,-1.5040016E-3,-975.000023842E-3,
,,,-1.4720015E-3,-975.000023842E-3,
,,,-1.4400017E-3,-975.000023842E-3,
,,,-1.4080016E-3,-949.999988079E-3,
,,,-1.3760016E-3,-975.000023842E-3,
,,,-1.3440016E-3,-975.000023842E-3,
,,,-1.3120016E-3,-975.000023842E-3,
,,,-1.2800016E-3,-975.000023842E-3,
,,,-1.2480016E-3,-949.999988079E-3,
,,,-1.2160016E-3,-975.000023842E-3,
,,,-1.1840016E-3,-975.000023842E-3,
,,,-1.1520016E-3,-975.000023842E-3,
,,,-1.1200015E-3,-1.000000,
,,,-1.0880016E-3,-975.000023842E-3,
,,,-1.0560016E-3,-1.000000,
,,,-1.0240016E-3,-975.000023842E-3,
,,,-992.001616396E-6,-975.000023842E-3,
,,,-960.001605563E-6,-975.000023842E-3,
,,,-928.001594730E-6,-975.000023842E-3,
,,,-896.001583897E-6,-975.000023842E-3,
,,,-864.001573063E-6,-975.000023842E-3,
,,,-832.001620438E-6,-975.000023842E-3,
,,,-800.001609605E-6,-975.000023842E-3,
,,,-768.001598772E-6,-975.000023842E-3,
,,,-736.001587939E-6,-1.000000,
,,,-704.001577105E-6,-975.000023842E-3,
,,,-672.001624480E-6,-975.000023842E-3,
,,,-640.001613647E-6,-975.000023842E-3,
,,,-608.001602814E-6,-1.000000,
,,,-576.001591980E-6,-975.000023842E-3,
,,,-544.001581147E-6,-975.000023842E-3,
,,,-512.001570314E-6,-975.000023842E-3,
,,,-480.001588585E-6,-975.000023842E-3,
,,,-448.001606856E-6,-975.000023842E-3,
,,,-416.001596022E-6,-975.000023842E-3,
,,,-384.00158519E-6,-975.000023842E-3,
,,,-352.00160346E-6,-975.000023842E-3,
,,,-320.00159263E-6,-975.000023842E-3,
,,,-288.00161090E-6,-949.999988079E-3,
,,,-256.00160006E-6,-975.000023842E-3,
,,,-224.00160378E-6,-949.999988079E-3,
,,,-192.00160750E-6,-975.000023842E-3,
,,,-160.00159667E-6,-975.000023842E-3,
,,,-128.0016004E-6,-949.999988079E-3,
,,,-96.001604106E-6,-975.000023842E-3,
,,,-64.001600549E-6,-975.000023842E-3,
,,,-32.00160063E-6,-975.000023842E-3,
,,,-1.6007107E-9,1.000000,
,,,31.99839921E-6,1.000000,
,,,63.998399128E-6,1.000000,
,,,95.998402685E-6,1.0250000,
,,,127.9983990E-6,1.0250000,
,,,159.99839525E-6,1.0250000,
,,,191.99840608E-6,1.000000,
,,,223.99840236E-6,1.000000,
,,,255.99839864E-6,1.000000,
,,,287.99840948E-6,1.0250000,
,,,319.99839121E-6,1.0250000,
,,,351.99840204E-6,1.000000,
,,,383.99838377E-6,1.000000,
,,,415.998394601E-6,1.0250000,
,,,447.998405434E-6,1.0250000,
,,,479.998387164E-6,1.000000,
,,,511.998427100E-6,1.0250000,
,,,543.998379726E-6,1.000000,
,,,575.998390559E-6,1.0250000,
,,,607.998401392E-6,1.0250000,
,,,639.998412225E-6,1.0250000,
,,,671.998423059E-6,1.0250000,
,,,703.998375684E-6,1.000000,
,,,735.998386517E-6,1.000000,
,,,767.998397350E-6,1.000000,
,,,799.998408183E-6,1.000000,
,,,831.998419017E-6,1.000000,
,,,863.998371642E-6,1.000000,
,,,895.998382475E-6,1.000000,
,,,927.998393308E-6,1.000000,
,,,959.998404142E-6,1.0250000,
,,,991.998356767E-6,1.000000,
,,,1.0239984E-3,1.000000,
,,,1.0559984E-3,1.000000,
,,,1.0879984E-3,1.0250000,
,,,1.1199984E-3,1.000000,
,,,1.1519984E-3,1.000000,
,,,1.1839984E-3,1.000000,
,,,1.2159984E-3,1.000000,
,,,1.2479984E-3,1.000000,
,,,1.2799983E-3,1.0250000,
,,,1.3119983E-3,1.0250000,
,,,1.3439984E-3,1.000000,
,,,1.3759984E-3,1.0250000,
,,,1.4079984E-3,1.0250000,
,,,1.4399984E-3,1.0250000,
,,,1.4719984E-3,1.0250000,
,,,1.5039984E-3,1.000000,
,,,1.5359984E-3,1.000000,
,,,1.5679984E-3,1.000000,
,,,1.5999984E-3,1.0250000,
,,,1.6319983E-3,1.000000,
,,,1.6639984E-3,1.0250000,
,,,1.6959984E-3,1.0250000,
,,,1.7279984E-3,1.000000,
,,,1.7599984E-3,1.000000,
,,,1.7919984E-3,1.0250000,
,,,1.8239984E-3,1.0250000,
,,,1.8559984E-3,1.000000,
,,,1.8879984E-3,1.000000,
,,,1.9199984E-3,1.000000,
,,,1.9519984E-3,1.000000,
,,,1.9839983E-3,1.0250000,
,,,2.0159984E-3,1.000000,
,,,2.0479984E-3,1.0250000,
,,,2.0799984E-3,1.0250000,
,,,2.1119984E-3,1.000000,
,,,2.1439984E-3,1.000000,
,,,2.1759984E-3,1.0250000,
,,,2.2079984E-3,1.000000,
,,,2.2399984E-3,1.0250000,
,,,2.2719984E-3,1.0250000,
,,,2.3039985E-3,1.0250000,
,,,2.3359985E-3,1.000000,
,,,2.3679985E-3,1.000000,
,,,2.3999985E-3,1.0250000,
,,,2.4319985E-3,1.000000,
,,,2.4639985E-3,1.000000,
,,,2.4959983E-3,1.000000,
,,,2.5279983E-3,1.0250000,
,,,2.5599983E-3,1.0250000,
,,,2.5919983E-3,1.0250000,
,,,2.6239983E-3,1.000000,
,,,2.6559983E-3,1.000000,
,,,2.6879983E-3,1.0250000,
,,,2.71999836E-3,1.000000,
,,,2.75199837E-3,1.0250000,
,,,2.78399838E-3,1.000000,
,,,2.81599839E-3,1.0250000,
,,,2.84799840E-3,1.000000,
,,,2.87999841E-3,1.0500001,
,,,2.91199842E-3,1.000000,
,,,2.94399844E-3,1.0250000,
,,,2.97599845E-3,1.0250000,
,,,3.00799846E-3,1.000000,
,,,3.03999847E-3,1.0250000,
,,,3.07199848E-3,1.000000,
,,,3.10399849E-3,975.000023842E-3,
,,,3.13599850E-3,1.0250000,
,,,3.16799828E-3,1.000000,
,,,3.19999829E-3,1.0250000,
,,,3.23199830E-3,1.0250000,
,,,3.26399831E-3,1.0250000,
,,,3.29599832E-3,1.0250000,
,,,3.32799833E-3,1.000000,
,,,3.35999834E-3,1.000000,
,,,3.39199835E-3,1.000000,
,,,3.42399837E-3,1.0250000,
,,,3.45599838E-3,1.000000,
,,,3.48799839E-3,1.0250000,
,,,3.51999840E-3,1.000000,
,,,3.55199841E-3,1.0250000,
,,,3.58399842E-3,1.000000,
,,,3.61599843E-3,1.0250000,
,,,3.64799844E-3,1.0250000,
,,,3.67999845E-3,1.000000,
,,,3.71199846E-3,1.0250000,
,,,3.74399847E-3,1.000000,
,,,3.77599848E-3,1.000000,
,,,3.80799850E-3,1.0250000,
,,,3.83999851E-3,1.0250000,
,,,3.87199828E-3,1.000000,
,,,3.90399829E-3,1.000000,
,,,3.93599831E-3,1.000000,
,,,3.96799855E-3,1.0250000,
,,,3.99999833E-3,1.0250000,
,,,4.03199857E-3,1.000000,
,,,4.06399835E-3,1.000000,
,,,4.09599859E-3,1.000000,
,,,4.12799837E-3,1.000000,
,,,4.15999861E-3,1.0250000,
,,,4.19199839E-3,1.000000,
,,,4.22399817E-3,1.000000,
,,,4.25599841E-3,1.000000,
,,,4.28799819E-3,1.000000,
,,,4.31999844E-3,1.0250000,
,,,4.35199821E-3,1.0250000,
,,,4.38399846E-3,1.000000,
,,,4.41599824E-3,1.000000,
,,,4.44799848E-3,1.0250000,
,,,4.47999826E-3,1.000000,
,,,4.51199850E-3,1.0250000,
,,,4.54399828E-3,1.000000,
,,,4.57599852E-3,1.000000,
,,,4.60799830E-3,1.0250000,
,,,4.63999854E-3,1.000000,
,,,4.67199832E-3,1.0250000,
,,,4.70399857E-3,1.000000,
,,,4.73599834E-3,1.0250000,
,,,4.76799859E-3,1.000000,
,,,4.79999837E-3,1.0250000,
,,,4.83199861E-3,1.000000,
,,,4.86399839E-3,1.000000,
,,,4.89599817E-3,1.0250000,
,,,4.92799841E-3,1.000000,
,,,4.95999819E-3,1.000000,
,,,4.99199843E-3,-949.999988079E-3,
,,,5.02399821E-3,-1.000000,
,,,5.05599845E-3,-975.000023842E-3,
,,,5.08799823E-3,-975.000023842E-3,
,,,5.11999847E-3,-975.000023842E-3,
,,,5.15199825E-3,-949.999988079E-3,
,,,5.18399850E-3,-975.000023842E-3,
,,,5.21599827E-3,-975.000023842E-3,
,,,5.24799852E-3,-975.000023842E-3,
,,,5.27999830E-3,-975.000023842E-3,
,,,5.31199854E-3,-975.000023842E-3,
,,,5.34399832E-3,-975.000023842E-3,
,,,5.37599856E-3,-975.000023842E-3,
,,,5.40799834E-3,-975.000023842E-3,
,,,5.43999858E-3,-975.000023842E-3,
,,,5.47199836E-3,-975.000023842E-3,
,,,5.50399860E-3,-975.000023842E-3,
,,,5.53599838E-3,-949.999988079E-3,
,,,5.56799816E-3,-975.000023842E-3,
,,,5.59999840E-3,-975.000023842E-3,
,,,5.63199818E-3,-975.000023842E-3,
,,,5.66399843E-3,-949.999988079E-3,
,,,5.69599820E-3,-1.000000,
,,,5.72799845E-3,-949.999988079E-3,
,,,5.75999822E-3,-975.000023842E-3,
,,,5.79199847E-3,-949.999988079E-3,
,,,5.82399825E-3,-949.999988079E-3,
,,,5.85599849E-3,-975.000023842E-3,
,,,5.88799827E-3,-975.000023842E-3,
,,,5.91999851E-3,-975.000023842E-3,
,,,5.95199829E-3,-975.000023842E-3,
,,,5.98399853E-3,-975.000023842E-3,
,,,6.01599831E-3,-975.000023842E-3,
,,,6.04799856E-3,-949.999988079E-3,
,,,6.07999833E-3,-975.000023842E-3,
,,,6.11199858E-3,-949.999988079E-3,
,,,6.14399835E-3,-975.000023842E-3,
,,,6.17599860E-3,-949.999988079E-3,
,,,6.20799838E-3,-975.000023842E-3,
,,,6.23999815E-3,-949.999988079E-3,
,,,6.27199840E-3,-949.999988079E-3,
,,,6.30399818E-3,-975.000023842E-3,
,,,6.33599842E-3,-975.000023842E-3,
,,,6.36799820E-3,-975.000023842E-3,
,,,6.39999844E-3,-975.000023842E-3,
,,,6.43199822E-3,-975.000023842E-3,
,,,6.46399846E-3,-975.000023842E-3,
,,,6.49599824E-3,-949.999988079E-3,
,,,6.52799848E-3,-975.000023842E-3,
,,,6.55999826E-3,-975.000023842E-3,
,,,6.59199851E-3,-975.000023842E-3,
,,,6.62399828E-3,-949.999988079E-3,
,,,6.65599853E-3,-975.000023842E-3,
,,,6.68799831E-3,-949.999988079E-3,
,,,6.71999855E-3,-975.000023842E-3,
,,,6.75199833E-3,-975.000023842E-3,
,,,6.78399857E-3,-975.000023842E-3,
,,,6.81599835E-3,-975.000023842E-3,
,,,6.84799859E-3,-949.999988079E-3,
,,,6.87999837E-3,-975.000023842E-3,
,,,6.91199861E-3,-975.000023842E-3,
,,,6.94399839E-3,-949.999988079E-3,
,,,6.97599817E-3,-949.999988079E-3,
,,,7.00799841E-3,-975.000023842E-3,
,,,7.03999819E-3,-949.999988079E-3,
,,,7.07199844E-3,-975.000023842E-3,
,,,7.10399821E-3,-949.999988079E-3,
,,,7.13599846E-3,-975.000023842E-3,
,,,7.16799824E-3,-975.000023842E-3,
,,,7.19999848E-3,-975.000023842E-3,
,,,7.23199826E-3,-975.000023842E-3,
,,,7.26399850E-3,-975.000023842E-3,
,,,7.29599828E-3,-975.000023842E-3,
,,,7.32799852E-3,-975.000023842E-3,
,,,7.35999830E-3,-975.000023842E-3,
,,,7.391998544E-3,-975.000023842E-3,
,,,7.423998322E-3,-975.000023842E-3,
,,,7.455998566E-3,-1.000000,
,,,7.487998344E-3,-1.000000,
,,,7.519998588E-3,-975.000023842E-3,
,,,7.551998366E-3,-975.000023842E-3,
,,,7.583998609E-3,-975.000023842E-3,
,,,7.615998387E-3,-949.999988079E-3,
,,,7.647998165E-3,-949.999988079E-3,
,,,7.679998409E-3,-975.000023842E-3,
,,,7.711998187E-3,-975.000023842E-3,
,,,7.743998431E-3,-975.000023842E-3,
,,,7.775998209E-3,-949.999988079E-3,
,,,7.807998452E-3,-975.000023842E-3,
,,,7.839998230E-3,-975.000023842E-3,
,,,7.871998474E-3,-949.999988079E-3,
,,,7.903998718E-3,-1.000000,
,,,7.935998030E-3,-975.000023842E-3,
,,,7.967998274E-3,-949.999988079E-3,
,,,7.999998517E-3,-1.000000,
,,,8.031998761E-3,-949.999988079E-3,
,,,8.063998073E-3,-975.000023842E-3,
,,,8.095998317E-3,-975.000023842E-3,
,,,8.127998561E-3,-975.000023842E-3,
,,,8.159998804E-3,-975.000023842E-3,
,,,8.191998117E-3,-975.000023842E-3,
,,,8.223998360E-3,-975.000023842E-3,
,,,8.255998604E-3,-975.000023842E-3,
,,,8.287997916E-3,-975.000023842E-3,
,,,8.319998160E-3,-949.999988079E-3,
,,,8.351998404E-3,-975.000023842E-3,
,,,8.383998647E-3,-975.000023842E-3,
,,,8.415997960E-3,-975.000023842E-3,
,,,8.447998203E-3,-949.999988079E-3,
,,,8.479998447E-3,-949.999988079E-3,
,,,8.511998691E-3,-975.000023842E-3,
,,,8.543998003E-3,-975.000023842E-3,
,,,8.575998247E-3,-975.000023842E-3,
,,,8.607998490E-3,-949.999988079E-3,
,,,8.639998734E-3,-975.000023842E-3,
,,,8.671998046E-3,-949.999988079E-3,
,,,8.703998290E-3,-975.000023842E-3,
,,,8.735998534E-3,-975.000023842E-3,
,,,8.767998777E-3,-975.000023842E-3,
,,,8.799998090E-3,-949.999988079E-3,
,,,8.831998333E-3,-975.000023842E-3,
,,,8.863998577E-3,-949.999988079E-3,
,,,8.895998821E-3,-975.000023842E-3,
,,,8.927998133E-3,-975.000023842E-3,
,,,8.959998377E-3,-975.000023842E-3,
,,,8.991998620E-3,-949.999988079E-3,
,,,9.023997933E-3,-949.999988079E-3,
,,,9.055998176E-3,-975.000023842E-3,
,,,9.087998420E-3,-975.000023842E-3,
,,,9.119998664E-3,-949.999988079E-3,
,,,9.151997976E-3,-975.000023842E-3,
,,,9.183998220E-3,-975.000023842E-3,
,,,9.215998463E-3,-975.000023842E-3,
,,,9.247998707E-3,-975.000023842E-3,
,,,9.279998019E-3,-975.000023842E-3,
,,,9.311998263E-3,-949.999988079E-3,
,,,9.343998507E-3,-975.000023842E-3,
,,,9.375998750E-3,-975.000023842E-3,
,,,9.407998063E-3,-975.000023842E-3,
,,,9.439998306E-3,-975.000023842E-3,
,,,9.471998550E-3,-949.999988079E-3,
,,,9.503998794E-3,-975.000023842E-3,
,,,9.535998106E-3,-975.000023842E-3,
,,,9.567998350E-3,-975.000023842E-3,
,,,9.599998593E-3,-975.000023842E-3,
,,,9.631998837E-3,-949.999988079E-3,
,,,9.663998149E-3,-949.999988079E-3,
,,,9.695998393E-3,-949.999988079E-3,
,,,9.727998637E-3,-949.999988079E-3,
,,,9.759997949E-3,-975.000023842E-3,
,,,9.791998193E-3,-975.000023842E-3,
,,,9.823998436E-3,-975.000023842E-3,
,,,9.855998680E-3,-949.999988079E-3,
,,,9.887997992E-3,-975.000023842E-3,
,,,9.919998236E-3,-975.000023842E-3,
,,,9.951998480E-3,-975.000023842E-3,
,,,9.983998723E-3,-1.000000,
,,,10.0159980E-3,1.0250000,
,,,10.0479983E-3,1.0250000,
,,,10.0799985E-3,1.000000,
,,,10.1119988E-3,1.000000,
,,,10.1439981E-3,1.000000,
,,,10.1759983E-3,1.000000,
,,,10.2079986E-3,1.000000,
,,,10.2399988E-3,1.000000,
,,,10.2719981E-3,1.000000,
,,,10.3039984E-3,1.0250000,
,,,10.3359986E-3,1.0250000,
,,,10.3679979E-3,1.0250000,
,,,10.3999982E-3,1.000000,
,,,10.4319984E-3,1.0250000,
,,,10.4639987E-3,1.000000,
,,,10.4959980E-3,1.000000,
,,,10.5279982E-3,1.000000,
,,,10.5599985E-3,1.000000,
,,,10.5919987E-3,1.000000,
,,,10.6239980E-3,1.000000,
,,,10.6559983E-3,1.0250000,
,,,10.6879985E-3,1.000000,
,,,10.7199987E-3,1.000000,
,,,10.7519981E-3,1.000000,
,,,10.7839983E-3,1.0250000,
,,,10.8159985E-3,1.000000,
,,,10.8479988E-3,1.0250000,
,,,10.8799981E-3,1.000000,
,,,10.9119983E-3,1.000000,
,,,10.9439986E-3,1.0250000,
,,,10.9759988E-3,1.000000,
,,,11.0079981E-3,1.000000,
,,,11.0399984E-3,1.000000,
,,,11.0719986E-3,1.000000,
,,,11.1039979E-3,1.000000,
,,,11.1359982E-3,1.0250000,
,,,11.1679984E-3,1.0250000,
,,,11.1999987E-3,1.0250000,
,,,11.2319980E-3,1.000000,
,,,11.2639982E-3,975.000023842E-3,
,,,11.2959985E-3,1.000000,
,,,11.3279987E-3,1.000000,
,,,11.3599980E-3,1.0250000,
,,,11.3919983E-3,1.0250000,
,,,11.4239985E-3,975.000023842E-3,
,,,11.4559988E-3,1.0250000,
,,,11.4879981E-3,1.000000,
,,,11.5199983E-3,1.0250000,
,,,11.5519986E-3,1.0250000,
,,,11.5839988E-3,1.0250000,
,,,11.6159981E-3,1.000000,
,,,11.6479984E-3,1.000000,
,,,11.6799986E-3,1.000000,
,,,11.7119979E-3,1.000000,
,,,11.7439982E-3,1.000000,
,,,11.7759984E-3,1.0250000,
,,,11.8079986E-3,1.0250000,
,,,11.8399980E-3,1.0250000,
,,,11.8719982E-3,1.000000,
,,,11.9039984E-3,1.000000,
,,,11.9359987E-3,1.000000,
,,,11.9679980E-3,1.000000,
,,,11.9999982E-3,1.000000,
,,,12.0319985E-3,1.0250000,
,,,12.0639987E-3,1.0250000,
,,,12.0959980E-3,1.000000,
,,,12.1279983E-3,1.000000,
,,,12.1599985E-3,1.000000,
,,,12.1919988E-3,1.000000,
,,,12.2239981E-3,1.000000,
,,,12.2559983E-3,1.0500001,
,,,12.2879986E-3,1.0250000,
,,,12.3199988E-3,1.000000,
,,,12.3519981E-3,1.000000,
,,,12.3839984E-3,1.0250000,
,,,12.4159986E-3,1.000000,
,,,12.4479979E-3,975.000023842E-3,
,,,12.4799982E-3,1.000000,
,,,12.5119984E-3,1.000000,
,,,12.5439987E-3,1.000000,
,,,12.5759980E-3,1.000000,
,,,12.6079982E-3,1.0250000,
,,,12.6399985E-3,1.000000,
,,,12.6719987E-3,1.000000,
,,,12.7039980E-3,1.000000,
,,,12.7359983E-3,1.0250000,
,,,12.7679985E-3,1.0250000,
,,,12.7999987E-3,1.0250000,
,,,12.8319981E-3,1.000000,
,,,12.8639983E-3,1.000000,
,,,12.8959985E-3,1.0250000,
,,,12.9279988E-3,1.0250000,
,,,12.9599981E-3,1.000000,
,,,12.9919983E-3,1.0250000,
,,,13.0239986E-3,1.000000,
,,,13.0559988E-3,1.0250000,
,,,13.0879981E-3,1.0250000,
,,,13.1199984E-3,1.000000,
,,,13.1519986E-3,1.000000,
,,,13.1839979E-3,1.000000,
,,,13.2159982E-3,1.000000,
,,,13.2479984E-3,1.000000,
,,,13.2799987E-3,1.0250000,
,,,13.3119980E-3,1.000000,
,,,13.3439982E-3,1.000000,
,,,13.3759985E-3,1.0250000,
,,,13.4079987E-3,1.0250000,
,,,13.4399980E-3,1.0250000,
,,,13.4719983E-3,1.000000,
,,,13.5039985E-3,1.000000,
,,,13.5359988E-3,1.000000,
,,,13.5679981E-3,1.0250000,
,,,13.5999983E-3,1.0250000,
,,,13.6319986E-3,1.000000,
,,,13.6639988E-3,1.0250000,
,,,13.6959981E-3,1.000000,
,,,13.7279984E-3,1.000000,
,,,13.7599986E-3,1.0250000,
,,,13.7919979E-3,1.000000,
,,,13.8239982E-3,1.000000,
,,,13.8559984E-3,1.000000,
,,,13.8879986E-3,1.0250000,
,,,13.9199980E-3,975.000023842E-3,
,,,13.9519982E-3,1.0250000,
,,,13.9839984E-3,1.000000,
,,,14.0159987E-3,1.000000,
,,,14.0479980E-3,1.000000,
,,,14.0799982E-3,1.0250000,
,,,14.1119985E-3,1.0250000,
,,,14.1439987E-3,1.0250000,
,,,14.1759980E-3,1.000000,
,,,14.2079983E-3,1.000000,
,,,14.2399985E-3,1.0250000,
,,,14.2719988E-3,1.000000,
,,,14.3039981E-3,1.000000,
,,,14.3359983E-3,1.000000,
,,,14.3679986E-3,1.000000,
,,,14.3999988E-3,1.000000,
,,,14.4319981E-3,1.000000,
,,,14.4639984E-3,1.000000,
,,,14.4959986E-3,1.000000,
,,,14.5279979E-3,1.000000,
,,,14.5599982E-3,1.000000,
,,,14.5919984E-3,1.000000,
,,,14.6239987E-3,1.000000,
,,,14.6559980E-3,1.000000,
,,,14.6879982E-3,1.000000,
,,,14.7199985E-3,1.0250000,
,,,14.7519987E-3,1.000000,
,,,14.7839980E-3,1.0250000,
,,,14.8159983E-3,1.0250000,
,,,14.8479985E-3,1.0250000,
,,,14.8799988E-3,1.0250000,
,,,14.9119981E-3,1.000000,
,,,14.9439983E-3,1.000000,
,,,14.9759986E-3,1.000000,
,,,15.0079988E-3,-975.000023842E-3,
,,,15.0399981E-3,-949.999988079E-3,
,,,15.0719984E-3,-1.000000,
,,,15.1039986E-3,-975.000023842E-3,
,,,15.1359979E-3,-975.000023842E-3,
,,,15.1679981E-3,-949.999988079E-3,
,,,15.1999984E-3,-975.000023842E-3,
,,,15.2319986E-3,-975.000023842E-3,
,,,15.2639979E-3,-975.000023842E-3,
,,,15.2959982E-3,-975.000023842E-3,
,,,15.3279984E-3,-975.000023842E-3,
,,,15.3599987E-3,-975.000023842E-3,
,,,15.3919980E-3,-1.000000,
,,,15.4239982E-3,-975.000023842E-3,
,,,15.4559985E-3,-949.999988079E-3,
,,,15.4879987E-3,-975.000023842E-3,
,,,15.5199980E-3,-949.999988079E-3,
,,,15.5519983E-3,-975.000023842E-3,
,,,15.5839985E-3,-975.000023842E-3,
,,,15.6159988E-3,-975.000023842E-3,
,,,15.6479981E-3,-1.000000,
,,,15.6799983E-3,-975.000023842E-3,
,,,15.7119986E-3,-975.000023842E-3,
,,,15.7439988E-3,-975.000023842E-3,
,,,15.7759991E-3,-949.999988079E-3,
,,,15.8079974E-3,-949.999988079E-3,
,,,15.8399977E-3,-975.000023842E-3,
,,,15.8719979E-3,-949.999988079E-3,
,,,15.9039982E-3,-975.000023842E-3,
,,,15.9359984E-3,-975.000023842E-3,
,,,15.9679987E-3,-949.999988079E-3,
,,,15.9999989E-3,-975.000023842E-3,
,,,16.0319991E-3,-975.000023842E-3,
,,,16.0639975E-3,-975.000023842E-3,
,,,16.0959978E-3,-975.000023842E-3,
,,,16.1279980E-3,-1.000000,
,,,16.1599983E-3,-975.000023842E-3,
,,,16.1919985E-3,-975.000023842E-3,
,,,16.2239987E-3,-975.000023842E-3,
,,,16.2559990E-3,-949.999988079E-3,
,,,16.2879992E-3,-975.000023842E-3,
,,,16.3199976E-3,-975.000023842E-3,
,,,16.3519979E-3,-949.999988079E-3,
,,,16.3839981E-3,-975.000023842E-3,
,,,16.4159983E-3,-975.000023842E-3,
,,,16.4479986E-3,-949.999988079E-3,
,,,16.4799988E-3,-975.000023842E-3,
,,,16.5119991E-3,-975.000023842E-3,
,,,16.5439975E-3,-975.000023842E-3,
,,,16.5759977E-3,-975.000023842E-3,
,,,16.6079979E-3,-975.000023842E-3,
,,,16.6399982E-3,-1.000000,
,,,16.6719984E-3,-975.000023842E-3,
,,,16.7039987E-3,-975.000023842E-3,
,,,16.7359989E-3,-975.000023842E-3,
,,,16.7679992E-3,-975.000023842E-3,
,,,16.7999975E-3,-975.000023842E-3,
,,,16.8319978E-3,-949.999988079E-3,
,,,16.8639980E-3,-975.000023842E-3,
,,,16.8959983E-3,-975.000023842E-3,
,,,16.9279985E-3,-975.000023842E-3,
,,,16.9599988E-3,-949.999988079E-3,
,,,16.9919990E-3,-975.000023842E-3,
,,,17.0239992E-3,-975.000023842E-3,
,,,17.0559976E-3,-949.999988079E-3,
,,,17.0879979E-3,-975.000023842E-3,
,,,17.1199981E-3,-975.000023842E-3,
,,,17.1519984E-3,-975.000023842E-3,
,,,17.1839986E-3,-975.000023842E-3,
,,,17.2159988E-3,-975.000023842E-3,
,,,17.2479991E-3,-975.000023842E-3,
,,,17.2799975E-3,-975.000023842E-3,
,,,17.3119977E-3,-975.000023842E-3,
,,,17.3439980E-3,-975.000023842E-3,
,,,17.3759982E-3,-975.000023842E-3,
,,,17.4079984E-3,-975.000023842E-3,
,,,17.4399987E-3,-975.000023842E-3,
,,,17.4719989E-3,-975.000023842E-3,
,,,17.5039992E-3,-949.999988079E-3,
,,,17.5359976E-3,-949.999988079E-3,
,,,17.5679978E-3,-975.000023842E-3,
,,,17.5999980E-3,-975.000023842E-3,
,,,17.6319983E-3,-975.000023842E-3,
,,,17.6639985E-3,-975.000023842E-3,
,,,17.6959988E-3,-975.000023842E-3,
,,,17.7279990E-3,-975.000023842E-3,
,,,17.7599993E-3,-975.000023842E-3,
,,,17.7919976E-3,-975.000023842E-3,
,,,17.8239979E-3,-975.000023842E-3,
,,,17.8559981E-3,-975.000023842E-3,
,,,17.8879984E-3,-975.000023842E-3,
,,,17.9199986E-3,-949.999988079E-3,
,,,17.9519989E-3,-975.000023842E-3,
,,,17.9839991E-3,-1.000000,
,,,18.0159975E-3,-975.000023842E-3,
,,,18.0479977E-3,-975.000023842E-3,
,,,18.0799980E-3,-949.999988079E-3,
,,,18.1119982E-3,-949.999988079E-3,
,,,18.1439985E-3,-975.000023842E-3,
,,,18.1759987E-3,-949.999988079E-3,
,,,18.2079989E-3,-975.000023842E-3,
,,,18.2399992E-3,-975.000023842E-3,
,,,18.2719976E-3,-975.000023842E-3,
,,,18.3039978E-3,-975.000023842E-3,
,,,18.3359981E-3,-975.000023842E-3,
,,,18.3679983E-3,-1.000000,
,,,18.3999985E-3,-975.000023842E-3,
,,,18.4319988E-3,-975.000023842E-3,
,,,18.4639990E-3,-1.000000,
,,,18.4959993E-3,-975.000023842E-3,
,,,18.5279977E-3,-975.000023842E-3,
,,,18.5599979E-3,-975.000023842E-3,
,,,18.5919981E-3,-975.000023842E-3,
,,,18.6239984E-3,-949.999988079E-3,
,,,18.6559986E-3,-975.000023842E-3,
,,,18.6879989E-3,-975.000023842E-3,
,,,18.7199991E-3,-975.000023842E-3,
,,,18.7519975E-3,-975.000023842E-3,
,,,18.7839977E-3,-1.000000,
,,,18.8159980E-3,-975.000023842E-3,
,,,18.8479982E-3,-975.000023842E-3,
,,,18.8799985E-3,-975.000023842E-3,
,,,18.9119987E-3,-975.000023842E-3,
,,,18.9439990E-3,-975.000023842E-3,
,,,18.9759992E-3,-949.999988079E-3,
,,,19.0079976E-3,-975.000023842E-3,
,,,19.0399978E-3,-975.000023842E-3,
,,,19.0719981E-3,-949.999988079E-3,
,,,19.1039983E-3,-975.000023842E-3,
,,,19.1359986E-3,-975.000023842E-3,
,,,19.1679988E-3,-975.000023842E-3,
,,,19.1999990E-3,-949.999988079E-3,
,,,19.2319974E-3,-975.000023842E-3,
,,,19.2639977E-3,-975.000023842E-3,
,,,19.2959979E-3,-975.000023842E-3,
,,,19.3279982E-3,-949.999988079E-3,
,,,19.3599984E-3,-975.000023842E-3,
,,,19.3919986E-3,-975.000023842E-3,
,,,19.4239989E-3,-975.000023842E-3,
,,,19.4559991E-3,-975.000023842E-3,
,,,19.4879975E-3,-975.000023842E-3,
,,,19.5199978E-3,-975.000023842E-3,
,,,19.5519980E-3,-975.000023842E-3,
,,,19.5839982E-3,-975.000023842E-3,
,,,19.6159985E-3,-975.000023842E-3,
,,,19.6479987E-3,-975.000023842E-3,
,,,19.6799990E-3,-1.000000,
,,,19.7119992E-3,-975.000023842E-3,
,,,19.7439976E-3,-975.000023842E-3,
,,,19.7759978E-3,-949.999988079E-3,
,,,19.8079981E-3,-975.000023842E-3,
,,,19.8399983E-3,-949.999988079E-3,
,,,19.8719986E-3,-975.000023842E-3,
,,,19.9039988E-3,-975.000023842E-3,
,,,19.9359991E-3,-975.000023842E-3,
,,,19.9679974E-3,-1.000000,
,,,19.9999977E-3,1.000000,
,,,20.0319979E-3,1.000000,
,,,20.0639982E-3,1.000000,
,,,20.09599842E-3,1.000000,
,,,20.12799866E-3,1.000000,
,,,20.15999891E-3,1.000000,
,,,20.19199915E-3,1.0250000,
,,,20.22399753E-3,1.000000,
,,,20.25599778E-3,1.000000,
,,,20.28799802E-3,1.0250000,
,,,20.31999826E-3,1.000000,
,,,20.35199851E-3,1.000000,
,,,20.38399875E-3,1.0250000,
,,,20.41599900E-3,1.000000,
,,,20.44799924E-3,1.0250000,
,,,20.47999762E-3,1.0250000,
,,,20.51199786E-3,1.0250000,
,,,20.54399811E-3,1.0250000,
,,,20.57599835E-3,1.0250000,
,,,20.60799859E-3,1.0250000,
,,,20.63999884E-3,975.000023842E-3,
,,,20.67199908E-3,975.000023842E-3,
,,,20.70399746E-3,1.000000,
,,,20.73599771E-3,975.000023842E-3,
,,,20.76799795E-3,1.0250000,
,,,20.79999819E-3,1.0250000,
,,,20.83199844E-3,1.000000,
,,,20.86399868E-3,1.0250000,
,,,20.89599892E-3,1.0250000,
,,,20.92799917E-3,1.000000,
,,,20.95999755E-3,1.000000,
,,,20.99199779E-3,1.000000,
,,,21.02399804E-3,1.0250000,
,,,21.05599828E-3,1.000000,
,,,21.08799852E-3,1.000000,
,,,21.11999877E-3,1.000000,
,,,21.15199901E-3,1.0250000,
,,,21.18399926E-3,1.0250000,
,,,21.21599764E-3,1.0250000,
,,,21.24799788E-3,1.000000,
,,,21.27999812E-3,1.000000,
,,,21.31199837E-3,1.000000,
,,,21.34399861E-3,1.000000,
,,,21.37599885E-3,1.0250000,
,,,21.40799910E-3,1.0250000,
,,,21.43999748E-3,1.0250000,
,,,21.47199772E-3,1.0250000,
,,,21.50399797E-3,1.000000,
,,,21.53599821E-3,1.000000,
,,,21.56799845E-3,1.000000,
,,,21.59999870E-3,1.000000,
,,,21.63199894E-3,1.000000,
,,,21.66399918E-3,1.000000,
,,,21.69599757E-3,1.000000,
,,,21.72799781E-3,1.000000,
,,,21.75999805E-3,1.0250000,
,,,21.79199830E-3,1.000000,
,,,21.82399854E-3,1.000000,
,,,21.85599878E-3,1.0250000,
,,,21.88799903E-3,1.0250000,
,,,21.91999927E-3,1.000000,
,,,21.95199765E-3,1.0250000,
,,,21.98399790E-3,1.0250000,
,,,22.01599814E-3,1.0250000,
,,,22.04799838E-3,1.000000,
,,,22.07999863E-3,1.000000,
,,,22.11199887E-3,1.000000,
,,,22.14399911E-3,1.000000,
,,,22.17599750E-3,1.000000,
,,,22.20799774E-3,1.000000,
,,,22.23999798E-3,1.0250000,
,,,22.27199823E-3,1.000000,
,,,22.30399847E-3,1.000000,
,,,22.33599871E-3,1.0250000,
,,,22.36799896E-3,1.0250000,
,,,22.39999920E-3,1.0250000,
,,,22.43199758E-3,1.000000,
,,,22.46399783E-3,1.000000,
,,,22.49599807E-3,1.000000,
,,,22.52799831E-3,975.000023842E-3,
,,,22.55999856E-3,1.000000,
,,,22.59199880E-3,1.0250000,
,,,22.62399904E-3,1.000000,
,,,22.65599743E-3,1.0250000,
,,,22.68799767E-3,1.000000,
,,,22.71999791E-3,1.000000,
,,,22.75199816E-3,1.000000,
,,,22.78399840E-3,1.0250000,
,,,22.81599864E-3,1.000000,
,,,22.84799889E-3,1.000000,
,,,22.87999913E-3,1.000000,
,,,22.91199751E-3,1.0250000,
,,,22.94399776E-3,1.0250000,
,,,22.97599800E-3,1.000000,
,,,23.00799824E-3,1.000000,
,,,23.03999849E-3,1.000000,
,,,23.07199873E-3,1.000000,
,,,23.10399897E-3,1.000000,
,,,23.13599922E-3,1.000000,
,,,23.16799760E-3,1.000000,
,,,23.19999784E-3,1.0250000,
,,,23.23199809E-3,1.0250000,
,,,23.26399833E-3,1.000000,
,,,23.29599857E-3,1.0250000,
,,,23.32799882E-3,1.000000,
,,,23.35999906E-3,1.0250000,
,,,23.39199744E-3,1.000000,
,,,23.42399769E-3,1.0250000,
,,,23.45599793E-3,1.0250000,
,,,23.48799817E-3,1.0250000,
,,,23.51999842E-3,1.0250000,
,,,23.55199866E-3,1.000000,
,,,23.58399890E-3,1.0250000,
,,,23.61599915E-3,975.000023842E-3,
,,,23.64799753E-3,1.0250000,
,,,23.67999777E-3,1.000000,
,,,23.71199802E-3,1.000000,
,,,23.74399826E-3,1.0250000,
,,,23.77599850E-3,1.000000,
,,,23.80799875E-3,1.0250000,
,,,23.83999899E-3,1.000000,
,,,23.87199923E-3,1.0250000,
,,,23.90399761E-3,1.000000,
,,,23.93599786E-3,1.000000,
,,,23.96799810E-3,1.0250000,
,,,23.99999835E-3,1.000000,
,,,24.03199859E-3,1.000000,
,,,24.06399883E-3,1.0250000,
,,,24.09599908E-3,1.0250000,
,,,24.12799746E-3,1.000000,
,,,24.15999770E-3,1.000000,
,,,24.19199795E-3,1.000000,
,,,24.22399819E-3,1.000000,
,,,24.25599843E-3,1.0250000,
,,,24.28799868E-3,1.000000,
,,,24.31999892E-3,1.000000,
,,,24.35199916E-3,1.0250000,
,,,24.38399754E-3,1.000000,
,,,24.41599779E-3,1.0250000,
,,,24.44799803E-3,1.000000,
,,,24.47999828E-3,1.000000,
,,,24.51199852E-3,1.000000,
,,,24.54399876E-3,1.000000,
,,,24.57599901E-3,1.0250000,
,,,24.60799925E-3,1.000000,
,,,24.63999763E-3,1.000000,
,,,24.67199787E-3,1.000000,
,,,24.70399812E-3,1.000000,
,,,24.73599836E-3,1.000000,
,,,24.76799861E-3,1.0250000,
,,,24.79999885E-3,1.000000,
,,,24.83199909E-3,1.000000,
,,,24.86399747E-3,1.000000,
,,,24.89599772E-3,1.0250000,
,,,24.92799796E-3,1.000000,
,,,24.95999821E-3,1.000000,
,,,24.99199845E-3,-975.000023842E-3,
,,,25.02399869E-3,-975.000023842E-3,
,,,25.05599894E-3,-975.000023842E-3,
,,,25.08799918E-3,-1.000000,
,,,25.11999756E-3,-1.000000,
,,,25.15199780E-3,-975.000023842E-3,
,,,25.18399805E-3,-975.000023842E-3,
,,,25.21599829E-3,-975.000023842E-3,
,,,25.24799854E-3,-975.000023842E-3,
,,,25.27999878E-3,-975.000023842E-3,
,,,25.31199902E-3,-975.000023842E-3,
,,,25.34399927E-3,-975.000023842E-3,
,,,25.37599765E-3,-975.000023842E-3,
,,,25.40799789E-3,-975.000023842E-3,
,,,25.43999813E-3,-949.999988079E-3,
,,,25.47199838E-3,-975.000023842E-3,
,,,25.50399862E-3,-1.000000,
,,,25.53599887E-3,-949.999988079E-3,
,,,25.56799911E-3,-975.000023842E-3,
,,,25.59999749E-3,-975.000023842E-3,
,,,25.63199773E-3,-975.000023842E-3,
,,,25.66399798E-3,-1.000000,
,,,25.69599822E-3,-975.000023842E-3,
,,,25.72799847E-3,-975.000023842E-3,
,,,25.75999871E-3,-975.000023842E-3,
,,,25.79199895E-3,-975.000023842E-3,
,,,25.82399920E-3,-975.000023842E-3,
,,,25.85599758E-3,-1.000000,
,,,25.88799782E-3,-975.000023842E-3,
,,,25.91999806E-3,-949.999988079E-3,
,,,25.95199831E-3,-949.999988079E-3,
,,,25.98399855E-3,-975.000023842E-3,
,,,26.01599880E-3,-975.000023842E-3,
,,,26.04799904E-3,-949.999988079E-3,
,,,26.07999742E-3,-949.999988079E-3,
,,,26.11199766E-3,-1.000000,
,,,26.14399791E-3,-975.000023842E-3,
,,,26.17599815E-3,-1.000000,
,,,26.20799839E-3,-975.000023842E-3,
,,,26.23999864E-3,-975.000023842E-3,
,,,26.27199888E-3,-949.999988079E-3,
,,,26.30399913E-3,-949.999988079E-3,
,,,26.33599751E-3,-975.000023842E-3,
,,,26.36799775E-3,-975.000023842E-3,
,,,26.39999799E-3,-975.000023842E-3,
,,,26.43199824E-3,-949.999988079E-3,
,,,26.46399848E-3,-975.000023842E-3,
,,,26.49599873E-3,-975.000023842E-3,
,,,26.52799897E-3,-949.999988079E-3,
,,,26.55999921E-3,-975.000023842E-3,
,,,26.59199759E-3,-949.999988079E-3,
,,,26.62399784E-3,-1.000000,
,,,26.65599808E-3,-949.999988079E-3,
,,,26.68799832E-3,-975.000023842E-3,
,,,26.71999857E-3,-975.000023842E-3,
,,,26.75199881E-3,-975.000023842E-3,
,,,26.78399906E-3,-975.000023842E-3,
,,,26.81599744E-3,-975.000023842E-3,
,,,26.84799768E-3,-975.000023842E-3,
,,,26.87999792E-3,-975.000023842E-3,
,,,26.91199817E-3,-975.000023842E-3,
,,,26.94399841E-3,-975.000023842E-3,
,,,26.97599865E-3,-949.999988079E-3,
,,,27.00799890E-3,-949.999988079E-3,
,,,27.03999914E-3,-975.000023842E-3,
,,,27.07199752E-3,-975.000023842E-3,
,,,27.10399777E-3,-975.000023842E-3,
,,,27.13599801E-3,-949.999988079E-3,
,,,27.16799825E-3,-949.999988079E-3,
,,,27.19999850E-3,-975.000023842E-3,
,,,27.23199874E-3,-949.999988079E-3,
,,,27.26399899E-3,-975.000023842E-3,
,,,27.29599923E-3,-975.000023842E-3,
,,,27.32799761E-3,-975.000023842E-3,
,,,27.35999785E-3,-949.999988079E-3,
,,,27.39199810E-3,-975.000023842E-3,
,,,27.42399834E-3,-975.000023842E-3,
,,,27.45599858E-3,-975.000023842E-3,
,,,27.48799883E-3,-975.000023842E-3,
,,,27.51999907E-3,-975.000023842E-3,
,,,27.55199745E-3,-949.999988079E-3,
,,,27.58399770E-3,-975.000023842E-3,
,,,27.61599794E-3,-975.000023842E-3,
,,,27.64799818E-3,-975.000023842E-3,
,,,27.67999843E-3,-949.999988079E-3,
,,,27.71199867E-3,-975.000023842E-3,
,,,27.74399891E-3,-975.000023842E-3,
,,,27.77599916E-3,-975.000023842E-3,
,,,27.80799754E-3,-975.000023842E-3,
,,,27.83999778E-3,-949.999988079E-3,
,,,27.87199803E-3,-975.000023842E-3,
,,,27.90399827E-3,-975.000023842E-3,
,,,27.93599851E-3,-975.000023842E-3,
,,,27.96799876E-3,-975.000023842E-3,
,,,27.99999900E-3,-975.000023842E-3,
,,,28.03199925E-3,-975.000023842E-3,
,,,28.06399763E-3,-949.999988079E-3,
,,,28.09599787E-3,-975.000023842E-3,
,,,28.12799811E-3,-975.000023842E-3,
,,,28.15999836E-3,-975.000023842E-3,
,,,28.19199860E-3,-975.000023842E-3,
,,,28.22399884E-3,-949.999988079E-3,
,,,28.25599909E-3,-975.000023842E-3,
,,,28.28799747E-3,-975.000023842E-3,
,,,28.31999771E-3,-949.999988079E-3,
,,,28.35199796E-3,-949.999988079E-3,
,,,28.38399820E-3,-949.999988079E-3,
,,,28.41599844E-3,-975.000023842E-3,
,,,28.44799869E-3,-975.000023842E-3,
,,,28.47999893E-3,-975.000023842E-3,
,,,28.51199917E-3,-975.000023842E-3,
,,,28.54399756E-3,-975.000023842E-3,
,,,28.57599780E-3,-949.999988079E-3,
,,,28.60799804E-3,-975.000023842E-3,
,,,28.63999829E-3,-975.000023842E-3,
,,,28.67199853E-3,-975.000023842E-3,
,,,28.70399877E-3,-975.000023842E-3,
,,,28.73599902E-3,-975.000023842E-3,
,,,28.76799740E-3,-975.000023842E-3,
,,,28.79999764E-3,-949.999988079E-3,
,,,28.83199789E-3,-975.000023842E-3,
,,,28.86399813E-3,-975.000023842E-3,
,,,28.89599837E-3,-975.000023842E-3,
,,,28.92799862E-3,-975.000023842E-3,
,,,28.95999886E-3,-975.000023842E-3,
,,,28.99199910E-3,-975.000023842E-3,
,,,29.02399749E-3,-949.999988079E-3,
,,,29.05599773E-3,-1.000000,
,,,29.08799797E-3,-975.000023842E-3,
,,,29.11999822E-3,-949.999988079E-3,
,,,29.15199846E-3,-949.999988079E-3,
,,,29.18399870E-3,-975.000023842E-3,
,,,29.21599895E-3,-975.000023842E-3,
,,,29.24799919E-3,-975.000023842E-3,
,,,29.27999757E-3,-975.000023842E-3,
,,,29.31199782E-3,-975.000023842E-3,
,,,29.34399806E-3,-949.999988079E-3,
,,,29.37599830E-3,-975.000023842E-3,
,,,29.40799855E-3,-975.000023842E-3,
,,,29.43999879E-3,-975.000023842E-3,
,,,29.47199903E-3,-975.000023842E-3,
,,,29.50399742E-3,-949.999988079E-3,
,,,29.53599766E-3,-975.000023842E-3,
,,,29.56799790E-3,-949.999988079E-3,
,,,29.59999815E-3,-949.999988079E-3,
,,,29.63199839E-3,-975.000023842E-3,
,,,29.66399863E-3,-949.999988079E-3,
,,,29.69599888E-3,-975.000023842E-3,
,,,29.72799912E-3,-949.999988079E-3,
,,,29.75999750E-3,-949.999988079E-3,
,,,29.79199775E-3,-975.000023842E-3,
,,,29.82399799E-3,-975.000023842E-3,
,,,29.85599823E-3,-975.000023842E-3,
,,,29.88799848E-3,-975.000023842E-3,
,,,29.91999872E-3,-949.999988079E-3,
,,,29.95199896E-3,-975.000023842E-3,
,,,29.98399921E-3,-975.000023842E-3,
,,,30.01599759E-3,1.0250000,
,,,30.04799783E-3,1.000000,
,,,30.07999808E-3,1.000000,
,,,30.11199832E-3,1.0250000,
,,,30.14399856E-3,1.0250000,
,,,30.17599881E-3,1.0250000,
,,,30.20799905E-3,1.000000,
,,,30.23999743E-3,1.0250000,
,,,30.27199768E-3,1.000000,
,,,30.30399792E-3,1.0250000,
,,,30.33599816E-3,1.0250000,
,,,30.36799841E-3,1.000000,
,,,30.39999865E-3,1.000000,
,,,30.43199889E-3,1.0250000,
,,,30.46399914E-3,1.000000,
,,,30.49599752E-3,1.000000,
,,,30.52799776E-3,1.000000,
,,,30.55999801E-3,1.000000,
,,,30.59199825E-3,1.0250000,
,,,30.62399849E-3,1.000000,
,,,30.65599874E-3,1.000000,
,,,30.68799898E-3,1.000000,
,,,30.71999922E-3,1.000000,
,,,30.75199760E-3,1.000000,
,,,30.78399785E-3,1.000000,
,,,30.81599809E-3,1.0250000,
,,,30.84799834E-3,1.000000,
,,,30.87999858E-3,1.0250000,
,,,30.91199882E-3,1.0250000,
,,,30.94399907E-3,1.000000,
,,,30.97599745E-3,1.0250000,
,,,31.00799769E-3,1.0250000,
,,,31.03999794E-3,1.000000,
,,,31.07199818E-3,1.000000,
,,,31.10399842E-3,1.000000,
,,,31.13599867E-3,1.000000,
,,,31.16799891E-3,1.000000,
,,,31.19999915E-3,1.0250000,
,,,31.23199753E-3,1.0250000,
,,,31.26399964E-3,1.0250000,
,,,31.29599988E-3,1.000000,
,,,31.32800013E-3,1.0250000,
,,,31.35999665E-3,1.000000,
,,,31.39199689E-3,1.0250000,
,,,31.42399713E-3,1.000000,
,,,31.45599738E-3,1.000000,
,,,31.48799762E-3,1.0250000,
,,,31.51999786E-3,1.0250000,
,,,31.55199811E-3,1.000000,
,,,31.58399835E-3,1.0250000,
,,,31.61599860E-3,1.0250000,
,,,31.64799884E-3,1.000000,
,,,31.67999908E-3,1.000000,
,,,31.71199933E-3,1.000000,
,,,31.74399957E-3,1.000000,
,,,31.77599981E-3,1.0250000,
,,,31.80800006E-3,1.000000,
,,,31.83999658E-3,1.000000,
,,,31.87199682E-3,1.000000,
,,,31.90399706E-3,1.0250000,
,,,31.93599731E-3,1.000000,
,,,31.96799755E-3,1.0250000,
